,A,B,C,D
2024-01-01,-1.9706757438611444,-0.10096902374157223,-0.05227090779433951,1.708107487385818
2024-01-02,-0.4190785782119022,-1.6248556435176593,-1.1387901417810793,0.8257369547889509
2024-01-03,-0.0449754980411744,-1.9719357507550987,-0.7750951371581953,0.8816411765182012
2024-01-04,0.7499104969059555,-2.465690930737966,-0.6254922199320023,0.6232066189924454
2024-01-05,1.7908316595245646,-3.098003163920569,-1.4005517367591676,1.0202921367140083
2024-01-06,0.7489392387263305,-2.7784817784980724,-1.9814505563875704,1.420842618595911
2024-01-07,-0.8705448392921216,-3.5687133123123433,-2.484775961647189,1.6091212435832771
2024-01-08,-0.2654022505560629,-5.23753288614925,-3.2254218171180233,1.1207663170096547
2024-01-09,-0.017767210295566577,-3.9414554302474825,-2.6767162152752597,1.824690801285735
2024-01-10,-0.8409959584601763,-5.043365515065435,-1.976990126489069,1.1897634949746134
2024-01-11,-0.17683877668487946,-4.016057990626859,-1.9503601553619228,1.9801944039797892
2024-01-12,0.7957690439527694,-4.6952544514522545,-1.3446552666849505,2.7173521504704223
2024-01-13,0.6683858118058059,-3.9984473159089027,-0.9212736986442795,2.8138431109768165
2024-01-14,-0.38491522428132185,-6.212380427469009,-1.2076087197344776,2.3163885534095594
2024-01-15,-0.11958222652600803,-4.763745839316924,-1.4161696323553266,1.5352217193758841
2024-01-16,0.9146378772365475,-5.363366109867625,-2.0265460215304776,2.7733217552014606
2024-01-17,1.0014642565745826,-5.864710495385889,-3.1956901954972468,2.223496991725534
2024-01-18,0.37176642340560384,-5.81488288837183,-3.712927277888817,0.8892034878358996
2024-01-19,0.3654213774363467,-5.742142854486572,-5.052553830102189,1.1186549281941407
2024-01-20,1.6101649203000519,-4.899207370201517,-4.061941694394824,1.7345310263347864
2024-01-21,2.334110099691827,-3.8197343689049985,-4.72810571257755,1.800937170619884
2024-01-22,3.571672195767037,-3.427824773957942,-5.429178010169136,1.9338659443402335
2024-01-23,1.9414366046425422,-3.582174209167686,-6.0207433559540675,1.32700105661278
2024-01-24,1.993562518477216,-5.348644025913902,-4.721474953406962,0.03269450430982346
2024-01-25,0.823271631329431,-7.091876106564387,-4.9746262657538844,0.588891320338679
2024-01-26,-0.5942915055793672,-8.410118512571582,-5.42911461424539,0.8253837392846505
2024-01-27,0.2586708223101022,-10.358635263704874,-5.00927620030048,0.3733824902959105
2024-01-28,0.4041234644944421,-11.297909959924922,-5.8093717297411205,0.16396072887296856
2024-01-29,-0.6092015604780929,-11.398263389553485,-5.901678550557392,-0.6661765523256719
2024-01-30,-1.7718821777992189,-12.341045533823243,-5.464892231636064,1.1903598585524429
2024-01-31,-3.2110712007827162,-12.75313140072999,-4.553243771919594,0.7818078155912727
2024-02-01,-1.1892760356254226,-11.447026639689188,-4.152992378701807,1.0608714721118164
2024-02-02,0.7269180032743403,-10.680243871853726,-5.768421622622897,1.6151059429617005
2024-02-03,0.03278294854738184,-10.867265187841745,-6.252065963044456,1.4369817502581825
2024-02-04,0.6546429232870091,-11.030482929278186,-5.395754969058006,1.6037122970807576
2024-02-05,1.8770087817536711,-10.568191746950905,-5.443422107717837,2.3477833896452194
2024-02-06,1.1323799690230738,-11.78489127859627,-6.740029171378587,5.144083424530736
2024-02-07,1.0394725422900803,-11.486370972398163,-7.918564103963499,3.8897564390657795
2024-02-08,2.650543937841814,-12.001324809325245,-6.743205013884098,4.527648754410193
2024-02-09,2.9856718573008885,-12.675103101357829,-7.259566892256872,4.97445550133082
2024-02-10,2.508924838322364,-12.922277583561737,-7.807701477149813,3.7163939136544575
2024-02-11,2.522707300924934,-13.483820991610738,-9.689439632081324,4.875383370463027
2024-02-12,0.39969521034321565,-12.763215458479078,-11.007231589149093,6.2031047546914975
2024-02-13,0.46481773709399704,-11.061300236940582,-9.774350092852696,6.258105732247433
2024-02-14,-1.2066717942791687,-10.434011318621613,-8.17936371237633,5.643432588963021
2024-02-15,-0.36662153809719955,-10.488192583415932,-8.822408984887792,4.905380702558379
2024-02-16,-0.3375654282067461,-7.6626633311373915,-7.732153699242855,4.691309485103421
2024-02-17,-0.5857516645647469,-8.155081873675961,-8.890738784644315,2.997435285543527
2024-02-18,0.9714561007416871,-8.961256559343777,-7.479361258488569,4.109916490815258
2024-02-19,0.8394027333389915,-10.043406713805386,-8.533992954808083,4.633374066872851
2024-02-20,1.6515841220035345,-11.072710507882295,-8.572636253798827,4.383019850336433
2024-02-21,1.1363108120486967,-9.98613057222265,-9.202688463891036,4.554944237344948
2024-02-22,2.4974206494278044,-11.051839669086382,-8.097959075450515,6.184862901628748
2024-02-23,0.07618772518778805,-12.788245873168357,-8.34644021693401,4.842617963419272
2024-02-24,-0.40563324130550005,-11.709210815519594,-9.021931957735603,4.260505506820915
2024-02-25,-0.3334173590592122,-9.84712338415626,-9.338481697424307,6.108568538444116
2024-02-26,1.282390871167483,-10.58679431512734,-10.335118436221268,5.419589472493559
2024-02-27,2.4962979319168435,-11.11898633560053,-12.794423647472518,2.802930044974302
2024-02-28,2.3201075133375206,-11.529471936506253,-10.968038106470695,4.079293517945009
2024-02-29,2.442164100459648,-11.6357550028903,-10.345909321105083,4.491440319288259
2024-03-01,3.0019052274284834,-12.280835133542993,-11.668790745300806,3.4683680463215847
2024-03-02,2.761410656522423,-12.4176502362612,-12.945067815087679,5.308999239626054
2024-03-03,2.543558695677084,-11.906432858900228,-13.078037619455271,4.873068371454002
2024-03-04,0.9737826048403269,-11.894040839950298,-13.79393300162954,4.689261459393252
2024-03-05,1.2088586394491676,-11.813655035407429,-13.855513856418215,5.54844640808299
2024-03-06,1.8725749868638513,-12.271859488143253,-15.597296844120107,5.158555870628398
2024-03-07,0.3629376849352295,-11.894890118101165,-17.65109946414996,6.4287147705616965
2024-03-08,1.8699719446094063,-14.411473811700514,-18.07698617671619,5.47273838244819
2024-03-09,1.089961166931979,-15.32322287998183,-18.96217915358267,5.961986754691692
2024-03-10,1.7182389098482176,-15.762426634075585,-19.215341880814933,5.742875449327668
2024-03-11,1.1098027953394705,-17.25309908192516,-19.044373929005754,5.216202850828147
2024-03-12,3.1730716833836055,-18.797436760640835,-18.58603726919345,4.788177448944131
2024-03-13,4.5242674540257735,-18.266975028013412,-17.71453894939901,3.200420150499653
2024-03-14,2.4222538978796435,-18.387307712858565,-18.518330533505477,3.334452488821674
2024-03-15,3.6256782096847893,-18.658418007112363,-18.305861205976996,3.167375763597646
2024-03-16,5.992735238533058,-18.46161942357272,-16.908758940711383,1.3791180180368225
2024-03-17,5.093033373939719,-17.512366311731476,-17.29073355950872,-0.6523547482192893
2024-03-18,4.342752661929369,-17.906171289680373,-18.361156693030377,-1.0619978134080523
2024-03-19,5.344937640376044,-18.359063708981253,-18.193952278358196,-2.4467644656393057
2024-03-20,6.2489569035588595,-17.227073813874853,-18.173755309896325,-2.874410497001981
2024-03-21,7.832898062512171,-18.16512021080471,-18.39853416497021,-1.4594426785309058
2024-03-22,8.566662674027219,-17.55490273724671,-18.4348238871794,-0.4561355548014958
2024-03-23,8.291185933927348,-17.382071794082385,-19.534394381231024,-1.8790876382434858
2024-03-24,7.382459253899994,-15.2643539310803,-20.02084665986355,-1.3462500442623337
2024-03-25,7.236335595129875,-17.602898231931707,-19.137811948199744,-0.10397743415296334
2024-03-26,9.352262355711625,-17.253406571917846,-18.117402637866576,-0.571481752958878
2024-03-27,10.172192718398893,-16.954137644656804,-18.03787104603355,-0.016969788911152084
2024-03-28,10.196798403170655,-16.917595207542817,-18.725336331105666,0.3277868235844188
2024-03-29,9.143502077763323,-17.24854505225392,-19.12552269022642,-0.33735410766780993
2024-03-30,9.862673912089459,-16.282444499771223,-20.668090417177833,1.0475178952783148
2024-03-31,10.121976729064729,-15.97622661763623,-20.78819342365072,0.5449080059187802
2024-04-01,9.086564170887621,-14.786078749087265,-21.713203693152607,1.756229861350819
2024-04-02,7.237804917704851,-15.580470931687001,-20.67164236667081,1.644192323186932
2024-04-03,6.654624092350171,-15.720965564697762,-21.078552719963593,1.4280438576407837
2024-04-04,6.143303022716895,-15.134409200382125,-20.557931490567217,2.3534269433105663
2024-04-05,6.596145809052525,-13.820797193953618,-20.9505654756881,3.3990040452740145
2024-04-06,7.036584862602106,-12.941358809909406,-20.087711867397477,3.1476911146702244
2024-04-07,7.273855522319476,-14.030021049858172,-20.170991887128306,4.161721482330885
2024-04-08,7.3707935216529,-15.258753661756547,-20.145387579669293,3.474947937803593
2024-04-09,5.5801620224768556,-15.481765011629385,-19.453285910810138,3.1839155870900955
2024-04-10,5.055173199751968,-14.310195231791003,-18.10119660460827,1.997198218301641
2024-04-11,6.58832776998622,-14.992723370059954,-18.370654345083686,1.3771602227834683
2024-04-12,8.341805867466826,-14.140039990908472,-19.32191087494861,2.3256906143377067
2024-04-13,7.7889118547287275,-15.557981454877012,-20.59471820508115,2.1049489921806637
2024-04-14,6.1556995004638475,-16.393088659608775,-19.23461876504738,1.2041406491103688
2024-04-15,6.348484600153456,-15.139452836322581,-18.499151752162085,2.1358753829684907
2024-04-16,5.143741748479126,-15.280915884200388,-20.034223284638184,0.5344872351523884
2024-04-17,5.914928875289893,-13.376613514333664,-19.815094970067012,-0.15454142346732547
2024-04-18,5.415094799336709,-13.686843135867486,-20.380730091708774,-0.44287725097477554
2024-04-19,3.3830309932593523,-12.933301395044092,-20.475384272034837,-0.6022125583440681
2024-04-20,3.957883551111811,-15.256635481874117,-20.29990974068753,-0.341362299763049
2024-04-21,3.5065186917540685,-15.880256679573742,-20.52072838909453,-0.8032382687309222
2024-04-22,1.8074611209586222,-16.094583937950333,-22.002038548409544,-0.19172411470441875
2024-04-23,1.7172522275920261,-14.550592704517742,-21.52546551486578,1.0398427570117996
2024-04-24,2.268985343945283,-14.50372318932081,-20.088406773664786,2.1050798379656572
2024-04-25,1.6507556078755086,-15.49094217969554,-21.49477292661295,2.643721129879211
2024-04-26,1.658353614217367,-17.96232655765277,-22.089827937829302,4.101532962285294
2024-04-27,2.4496412297405215,-19.361737084416774,-21.333427115779802,4.396860381231834
2024-04-28,1.596748847505355,-19.258993767640398,-21.288223935755944,4.475514446678532
2024-04-29,2.86799564689384,-19.81898149833819,-23.10014112129245,4.038904982044771
2024-04-30,-0.053491768801369854,-20.529532872344227,-21.894714078039346,4.284081569745665
2024-05-01,0.029180121937525255,-20.431118726435184,-22.12198935657955,4.150115951091669
2024-05-02,-1.2877068026819374,-22.05857868999493,-23.761903880097005,1.829808303623746
2024-05-03,-1.3343972061720069,-22.284518815745106,-24.711233990795627,4.332724512922413
2024-05-04,-1.0460497576227115,-20.221936442525738,-23.806002100926662,5.252982657543129
2024-05-05,-2.160468971457207,-20.450699453310627,-23.45180612824457,6.886012471776752
2024-05-06,-0.7587865335592465,-21.67394148104095,-24.138171006788994,8.506742690047421
2024-05-07,-2.505577515819743,-21.131395732998822,-23.254571231195918,9.584989966713465
2024-05-08,-2.77789697574992,-20.969485938961487,-21.860917708064196,7.8881270279774505
2024-05-09,-2.8640052399324927,-19.97827191756036,-21.163510914239644,7.1058904391187
2024-05-10,-2.8718799304487077,-21.327490230453428,-20.369904854178333,6.905836729502945
2024-05-11,-2.942852019307338,-22.861699339040307,-20.038885917143762,6.7434528428548095
2024-05-12,-3.827998659421627,-20.88798046500786,-19.918201786420724,8.121972277611315
2024-05-13,-5.915136315422327,-21.390846364014568,-19.193423954484448,7.914055621282473
2024-05-14,-5.880323147708384,-21.396918962587158,-18.46541664147262,8.370466780552201
2024-05-15,-5.5778987460362615,-22.777084152182695,-18.258608569327176,8.316821142638004
2024-05-16,-4.02083330577949,-22.33369561825879,-16.54785557281614,8.233675608155806
2024-05-17,-4.425064846200197,-22.5009759301559,-18.357321544107492,8.36284866421165
2024-05-18,-4.671261309277328,-23.877210838800018,-17.567455816800667,6.525747365786794
2024-05-19,-3.5956815155366897,-23.527118692539055,-16.935987616737812,6.740829625819816
2024-05-20,-2.3373014236060645,-24.838078113686066,-16.981477885680015,8.559929590262671
2024-05-21,-2.198106717326453,-25.986284474856106,-18.4098389003192,8.555320055481682
2024-05-22,-2.8002366694834997,-26.109905264305826,-18.2562820572184,8.47014803112062
2024-05-23,-4.061140897395301,-26.12191983190154,-15.608294709788177,8.249293399783305
2024-05-24,-3.9628332151429255,-27.8191745825485,-15.976006175982212,8.247663866602865
2024-05-25,-3.5320279536911827,-28.101787403496107,-16.167504225538146,6.394818583412104
2024-05-26,-2.052247541448251,-27.93435741803777,-16.521658891406748,6.1052752541982676
2024-05-27,-2.7743757917467273,-27.90185197998603,-16.36510048257416,7.445052441871647
2024-05-28,-4.775905005937075,-26.28937809218737,-16.8070104690349,6.391744076221827
2024-05-29,-5.636696014089241,-27.492651391059404,-16.652914441854644,5.421819300996345
2024-05-30,-6.717202221813896,-27.7394269209851,-17.258136244579916,5.604511949337995
2024-05-31,-6.542201219770187,-26.206879620106445,-18.019102967240816,4.675816770313301
2024-06-01,-6.710374895344898,-26.222568105646257,-15.894633413678884,3.31179607040552
2024-06-02,-7.757147524330996,-25.397492917182642,-14.746978070528089,3.5467654991110256
2024-06-03,-6.62756002424676,-24.650076354786005,-14.865198152328507,1.8124947577918051
2024-06-04,-6.958735946467251,-25.74413771991335,-14.192609874749786,2.852557005436509
2024-06-05,-7.068306901086654,-25.945638181245744,-14.681222604590415,1.2434439493430323
2024-06-06,-8.284549643594968,-26.722281358188066,-13.886317594949409,0.4775620092849343
2024-06-07,-7.629786593753147,-28.066415118933975,-15.370341228880413,1.0474058956611758
2024-06-08,-7.720540480373028,-26.055295180849082,-15.294897932008054,0.9938696151904525
2024-06-09,-7.954946304395468,-24.973864259658743,-14.282751893421326,0.08961437666261873
2024-06-10,-6.513895408644826,-25.0065527174897,-14.564799157929203,0.9192526588978926
2024-06-11,-5.99485510325331,-25.114804995750415,-15.831655057108387,0.09222974734580447
2024-06-12,-6.105518278583467,-25.351313432232455,-15.746108817989482,-0.9894012586577803
2024-06-13,-5.655743541445375,-24.648911015012917,-17.548849049297548,-1.653994335003256
2024-06-14,-3.981510413720482,-25.219435907459022,-18.97276338988859,0.08717105455572494
2024-06-15,-4.670767502126154,-24.931663898904432,-18.487468533251796,-0.48834663844241677
2024-06-16,-1.5485561699598342,-24.87656184420268,-19.307321134951422,-1.0837334484901717
2024-06-17,-2.181110671766596,-25.901931085894905,-19.68898285690001,-1.5873060009618016
2024-06-18,-2.3008320730483183,-24.723695590587063,-20.017401314864017,-1.532998873754767
2024-06-19,-1.131823587024662,-24.879649325110368,-19.557772994705232,-1.4665623168917081
2024-06-20,-1.4340159214446015,-24.37916126808137,-19.020841054362528,-0.8967163717504442
2024-06-21,-0.16075456771599317,-25.09787494582551,-19.839980272663812,-0.9854553637746175
2024-06-22,-0.4810013833932387,-25.135705211303843,-19.062231246859056,-0.7485454984890418
2024-06-23,-0.5626575676394812,-25.88473423086855,-21.7576009832018,0.7115542971562083
2024-06-24,-2.168762842248344,-27.429694142853133,-21.236155865886342,0.6749846558598758
2024-06-25,-2.092204269276415,-26.339157524485614,-21.493432881405866,1.897390950743668
2024-06-26,-1.9413356434842537,-25.42789689243949,-20.898079866938254,2.4745518178600676
2024-06-27,-0.4933456436936021,-24.54512522611127,-19.988312318159586,3.134753830298007
2024-06-28,-0.0048448484425706595,-25.4237659606254,-20.535629269647785,3.3421597214373837
2024-06-29,1.2268584634990074,-26.24878982747689,-19.593460231978998,3.2182996104465333
2024-06-30,2.0123603530723093,-26.528259527738808,-18.90538880793842,4.399544046201298
2024-07-01,4.1838109994494666,-27.244614574812825,-17.304238926287137,5.204366097355846
2024-07-02,5.831661895741869,-28.583688245997898,-16.569159934606343,6.313600818386642
2024-07-03,6.6986137902427085,-26.70517236953601,-15.928272160985731,5.2870543114064255
2024-07-04,6.837119173289608,-26.89813974260277,-16.24002399255715,6.358011733406601
2024-07-05,5.954454160298393,-27.763078811765485,-15.7476122673525,4.976269499455993
2024-07-06,4.8742203259595325,-28.325676495052097,-15.231711828234044,4.441351178143928
2024-07-07,4.4787326154876155,-27.39339397027631,-14.751076966496266,4.430160036677108
2024-07-08,6.633935010139407,-26.902804050221324,-15.150372881003547,4.1884710068102295
2024-07-09,5.819045396354001,-28.122126660316084,-14.191301275818612,4.260800254416643
2024-07-10,6.056448432863855,-27.201090609107922,-14.68419877569679,3.1485443193735634
2024-07-11,6.569541294410537,-27.878267692721437,-17.826323277666,3.2998610700064495
2024-07-12,5.273864428622249,-28.185208643227103,-15.287103127191912,3.8528195352912524
2024-07-13,4.159530072355183,-27.670781348588296,-15.120162532774529,4.764837117469668
2024-07-14,3.6678181579387563,-28.876998172967646,-14.457348546795407,5.554600674910431
2024-07-15,1.8289763732722084,-26.533258033903188,-12.822547152241771,5.884744242657504
2024-07-16,2.188388661301697,-24.69686683431446,-12.782190349920704,2.9923997788494026
2024-07-17,4.008113282914209,-23.972841003183188,-12.446011897492717,4.0520227232833435
2024-07-18,3.011317846171624,-25.20984478970467,-13.209257823634909,3.846537052424061
2024-07-19,4.0649199833916265,-25.36743528629622,-14.328915905534068,4.1773218519540505
2024-07-20,3.599083507331149,-24.85449194691899,-13.558603266188998,5.500798877976658
2024-07-21,4.014941337826563,-26.79494363607442,-14.27274392176353,5.758203535887161
2024-07-22,2.178193963306935,-26.575869777591898,-14.38771336679428,5.6746166559967195
2024-07-23,1.3145770180615788,-25.525038337375484,-14.18881422386832,6.037937909995771
2024-07-24,2.95776286968525,-27.124406351347755,-13.624212358781197,6.3909622658983185
2024-07-25,3.548204954333131,-28.375360181858884,-14.156345999825902,4.775959883859372
2024-07-26,2.619118781606029,-29.364687775237986,-14.441609173563709,5.233482125944681
2024-07-27,1.8770411835014698,-29.79392968324536,-13.28885995415245,4.213311984943688
2024-07-28,2.53132693734916,-30.092817664958112,-13.189948913772653,2.1306849503533734
2024-07-29,1.5562043971910582,-30.640418242221983,-10.922901042464316,2.5956742780354594
2024-07-30,0.9386521220968314,-30.33901808839276,-11.7452956776189,2.222074757471087
2024-07-31,0.7966378208363217,-29.40031482044495,-11.310052232541155,2.5911551199706047
2024-08-01,-0.1535097560225952,-30.199672117249236,-11.434425589724485,1.533884821952211
2024-08-02,-0.26327364302913087,-29.7049664624255,-10.44141924928078,1.957998742860507
2024-08-03,-0.45899399242172745,-28.919910321615575,-10.626626368668692,2.7239062233515847
2024-08-04,-0.31494415978299417,-28.56022187219055,-7.7091394480347795,1.3511752023757881
2024-08-05,-0.37610419232527376,-29.079442980852207,-8.926226809486963,0.5098588514432475
2024-08-06,-0.892074225313715,-28.659326953856826,-10.613108907036828,0.5798623342768443
2024-08-07,-1.471838751671081,-28.492191449821014,-9.497928223175283,-1.9060121948582807
2024-08-08,-0.4045204270665512,-28.674316388738216,-9.462711835004319,-1.1052703884447674
2024-08-09,-2.3287912151578993,-28.881835558896963,-8.882682655732365,0.9705227032887969
2024-08-10,-1.529919665788234,-29.770160505046878,-8.698154352928748,1.379628322028871
2024-08-11,-1.0512030489861077,-29.399930746951362,-8.737598383738487,1.13441670988912
2024-08-12,-2.9713504788011216,-29.7386432812083,-8.574555293911809,1.0572542818699366
2024-08-13,-1.318436377901035,-29.34634281076017,-8.41910079185532,0.489851465155164
2024-08-14,-1.2387918117795569,-28.96247352587725,-7.808712645816168,-0.8773500789678272
2024-08-15,-1.8808703329377559,-28.296456157202428,-7.2012280888833775,-1.156021183643313
2024-08-16,-2.737973628360192,-28.87620963133017,-8.614627053942122,0.16899252170556678
2024-08-17,-3.575822330024387,-28.916845722487217,-7.9900519823600735,0.8238870147543839
2024-08-18,-4.684836503856759,-27.780048525583233,-6.65391485859146,0.41920885233056465
2024-08-19,-4.823002336501538,-27.645173246414437,-6.510302226725894,-0.5502948812810589
2024-08-20,-3.073924846199551,-27.875008245094723,-6.738939768261871,0.3280385719126374
2024-08-21,-3.942526012828772,-26.685920349408345,-7.5038997689675995,2.1128794262469297
2024-08-22,-5.850894861788474,-26.165506579743667,-6.937097844447906,2.2845188984530633
2024-08-23,-4.044197983585652,-25.15074140974184,-6.440283763099207,2.50354624635034
2024-08-24,-2.1686939387166655,-26.033719703683353,-7.537123022340049,1.9514372356176737
2024-08-25,-1.817790105872413,-26.864572268776982,-7.55267644264743,1.66505256257424
2024-08-26,-3.7224278947207647,-26.4407397561068,-6.783921615353765,0.7982916822932716
2024-08-27,-4.375209074570329,-26.310901618496487,-7.035271466367602,1.7383894026523343
2024-08-28,-5.199344639121248,-27.201288481875505,-5.518956822965792,1.5018827685897633
2024-08-29,-5.032394066847939,-27.40940495710571,-3.5531228151536176,0.392376344266923
2024-08-30,-4.194097295954169,-28.400259680180564,-2.825862429337641,1.1150425063439182
2024-08-31,-4.524635358311657,-30.208582364550004,-2.919021820108855,2.062070835353148
2024-09-01,-3.3043742963158573,-30.29081788819285,-1.8163175232178548,2.07682557464296
2024-09-02,-3.3844672057754557,-30.028086185384634,-2.512920197332157,0.7220970354138205
2024-09-03,-2.558039421283197,-30.84824316112086,-2.1046188224408815,0.9159174917496586
2024-09-04,-3.178681135949728,-30.29155277708836,-2.4379759545421926,1.247886137117414
2024-09-05,-2.7158809188671924,-30.731886879479966,-2.994798528632625,-0.3977218817671857
2024-09-06,-3.398557914749816,-29.398141584382195,-4.296210328215638,0.5593182382642966
2024-09-07,-3.2441109279681135,-30.07502844599691,-4.601116879128077,-0.2532311599002094
2024-09-08,-5.291481189846924,-28.828354041238054,-4.060657497315658,-0.8428909354441864
2024-09-09,-4.123624350813769,-27.42598520515425,-4.356649470788386,-0.1893075086186914
2024-09-10,-4.885498210556433,-28.15945627962138,-4.8626328855331655,-0.9977963513946261
2024-09-11,-4.917983327483708,-27.555387916960715,-3.9591583625120776,-0.1682375983342338
2024-09-12,-5.286060387064458,-27.87756860305898,-4.279509582132207,-1.1663114591701595
2024-09-13,-5.545027064272257,-25.92366609466871,-4.256971940877939,0.46057354249139637
2024-09-14,-5.64570433752786,-25.620151092857412,-3.191183360654742,-0.15559705548414926
2024-09-15,-6.634791702728655,-26.198468607269145,-2.1274558969563335,0.24275643894169097
2024-09-16,-6.540619176342175,-26.817475256340604,-1.6758914101265134,-1.4429334146716453
2024-09-17,-6.861025316128993,-26.482033711251606,-2.4741166674816517,-1.1956897524830543
2024-09-18,-7.74144936575339,-25.735391689304112,-2.5753031688779564,-2.4366851290058986
2024-09-19,-7.866219334824192,-26.25473321860885,-3.252838263864179,-2.395223939616243
2024-09-20,-7.534268616563662,-25.533345945354963,-3.1365647794143285,-1.8240728683242626
2024-09-21,-6.025912145770742,-28.281988270057656,-2.833488249887706,-1.7526097143728065
2024-09-22,-5.557874002999576,-28.999554979482227,-0.6038593455135697,-2.667001279597856
2024-09-23,-4.142030029255668,-29.34730539382297,-0.5279568810161855,-3.521520478713321
2024-09-24,-3.5306151706154765,-27.514290999886555,-0.32752352569592114,-4.357678366226564
2024-09-25,-1.288254091109887,-26.925311080696005,1.2342872971351442,-3.3846297472160636
2024-09-26,-0.7597918404330688,-27.339281351881553,0.8798721771707767,-2.2592808151835166
2024-09-27,-0.18968263335800473,-29.021329426692738,1.3790675471109772,-2.5922730642741993
2024-09-28,0.8885557345969449,-30.683064463349126,2.149184059862892,-2.776195456206911
2024-09-29,0.414396108202429,-30.844218181211982,2.6544472695078944,-1.9674925374938632
2024-09-30,0.7476076958708489,-30.820177889139963,2.857931912669845,-1.0241303099491819
2024-10-01,1.6884907967094458,-30.130978511141578,3.019465825476919,-1.2117483518371297
2024-10-02,-0.05590129688369916,-30.38452374186597,2.8229371237496172,-0.9671112631153245
2024-10-03,1.2083866645348154,-29.045952635853695,0.6087623317698982,-1.2528139836424208
2024-10-04,1.978054942570073,-29.285126949996123,1.294299262101135,-1.2514528931646653
2024-10-05,1.374698814305583,-29.49155226890486,1.6785537977939184,-0.37522426495077665
2024-10-06,1.5579222469103449,-29.205859600041094,2.228470956129009,-0.3447559183311629
2024-10-07,2.006954555681814,-28.197470334819247,1.3654020823562916,1.1199969484279126
2024-10-08,1.0754723070571681,-29.085095939064015,1.8588734614742815,-0.044640707799438184
2024-10-09,0.024107361717017994,-29.505733660801397,0.842407568758212,-0.22250551658013779
2024-10-10,0.19421239293172998,-30.091593406475603,0.45958257781123624,0.5897841836363997
2024-10-11,0.9211424939017393,-28.443837008141557,2.4343109435746375,-1.1342024797347243
2024-10-12,0.04313353242402529,-27.025532655158027,3.7740947768137203,-2.9707160869685123
2024-10-13,-0.7244182216915002,-27.55752914961795,3.9408826525708043,-2.754685839195813
2024-10-14,-1.471989138454028,-27.4779336545851,2.739043022978114,-1.9156878011177647
2024-10-15,-1.1109176482298788,-26.768871556452986,3.3552918759498587,-0.8500933688034624
2024-10-16,-2.1988126642813444,-26.95947363404912,2.3548772994293703,0.9654141351733829
2024-10-17,-1.6925756546229476,-27.683590714653533,1.1877877639900136,2.0363179842561174
2024-10-18,-2.3834215137128663,-27.6091802158954,0.43066606591281587,2.416595745415454
2024-10-19,-3.3804279766935554,-27.033993393854736,1.747896347605828,2.4463926725201626
2024-10-20,-2.5337786783860565,-25.570146711464865,0.33480807390843603,2.8173789538919234
2024-10-21,-3.881327683000003,-24.900135226155086,-0.40699686166157034,2.0083121233134458
2024-10-22,-3.5378139639393194,-23.928270134901627,0.8303640822135631,0.8952258962354243
2024-10-23,-2.544763121390228,-23.0184156332474,-0.09449268444317427,-0.24740927616752173
2024-10-24,-2.4850478271210634,-22.75704403367085,-1.172676885001445,-1.217686717805726
2024-10-25,-1.317105967298779,-21.6960009021837,-0.986071885238871,-1.4244778016855588
2024-10-26,-0.496301778160112,-21.28637063464001,0.6796034764033105,-1.3167232429990885
2024-10-27,-0.8323240204058726,-22.05261183890194,-0.24514556149910605,-1.6310395262484592
2024-10-28,0.01525784975550526,-21.811475053523,0.6170684435549898,-2.677138530729546
2024-10-29,1.2616604065794563,-21.94515703526973,0.9141717601898909,-3.6072140596432165
2024-10-30,1.7974120138061966,-21.847962324602484,1.735142202639008,-6.351543411104274
2024-10-31,1.668140320835605,-21.28206777466356,0.719023821940884,-7.263605989290803
2024-11-01,2.4010360559724444,-22.308860578258006,0.5667330201444565,-6.620395783472928
2024-11-02,3.212701305163572,-24.206965883029053,2.3556451846225084,-5.495967685487794
2024-11-03,2.6515046236871838,-25.000583996362117,3.1914670786468573,-5.531915697545856
2024-11-04,4.35438399306034,-26.246007515877956,4.647271937070346,-6.5115108811710405
2024-11-05,3.2052773329452533,-26.46916514473123,6.0184775227707235,-6.0094148664811
2024-11-06,3.4351956485167383,-25.963328496460605,5.042484440519328,-6.61250978486192
2024-11-07,3.619001199798554,-26.777879731896114,6.161891576142275,-7.181106727263546
2024-11-08,4.920563802529426,-28.004816071280054,8.743602338435906,-8.180497220718555
2024-11-09,4.495208643219944,-29.69368161334029,9.724521262841092,-9.730346603561728
2024-11-10,3.369984751537201,-31.45893363811964,9.918754737341489,-10.767223686624336
2024-11-11,2.843395568052354,-35.181370431474434,10.248425625859014,-9.866006509621744
2024-11-12,3.3366339369253954,-35.25617978663236,9.920297495763847,-8.853794517831865
2024-11-13,2.166964515206235,-33.8810519173302,9.126326978027384,-8.140566860087118
2024-11-14,2.4520039312608883,-33.26926107364463,9.07400075503659,-8.130130987170915
2024-11-15,2.7680998924469393,-32.721845381789784,9.376047630712463,-7.864897915867745
2024-11-16,2.5633416965779277,-32.64666890560809,10.474227917016583,-5.98671751567294
2024-11-17,2.9513309438483235,-32.75300013581524,11.822683814263552,-7.307992471290719
2024-11-18,2.0952468557198154,-30.18761786283057,13.218577240472419,-7.446430276251635
2024-11-19,0.7201345345942503,-29.295960643026632,13.572030085109786,-8.381302681751055
2024-11-20,0.571991642975817,-30.71254762900786,12.367574796260383,-8.458519684243624
2024-11-21,1.0518460565526118,-32.33070943371826,12.813774971765367,-8.870505550528353
2024-11-22,1.171256662024882,-33.09294236214054,13.337760941853729,-10.15996468439891
2024-11-23,1.8217080813935822,-32.87383605335802,14.115016722507184,-10.516661506028926
2024-11-24,2.89481654357618,-34.240720796850205,13.770544909693577,-11.84559521681244
2024-11-25,3.17785359814957,-33.686501536214294,14.009631131369632,-12.26152467639755
2024-11-26,2.8075781213168187,-33.132572102741065,13.560333332320925,-12.13230844868622
2024-11-27,3.49437991654039,-34.49835096303238,13.570799611458362,-10.95341428683437
2024-11-28,3.7465712651530785,-36.40376802442163,12.243188264742667,-10.538305860594143
2024-11-29,4.496861394887937,-36.68451537312395,10.853831934740237,-12.501929297811682
2024-11-30,4.013273007495214,-36.39301182708106,11.915237804839425,-14.48840488384344
2024-12-01,3.4353990301985893,-34.75871267529219,11.663630066551791,-13.542042020441835
2024-12-02,4.197248747588522,-36.226884537357556,10.061998078753035,-13.267562393972161
2024-12-03,4.3233617797500905,-35.78791199933759,11.511485890762955,-14.670767491668787
2024-12-04,3.309729874304961,-35.85170721820274,12.690579662308947,-14.783412733984
2024-12-05,2.931695327209764,-36.80886051931021,11.468086369001677,-14.559185221317694
2024-12-06,1.096301992250445,-38.604550700504205,10.706734376731966,-14.560500094262894
2024-12-07,1.1523367589675442,-39.02473045887851,10.728741715171884,-14.875773924131495
2024-12-08,-0.06188129308619028,-38.86577982524328,11.254819280884956,-15.467937333916856
2024-12-09,-0.9775500393528133,-39.0120655751428,9.51239656055685,-14.980042412683021
2024-12-10,-2.8570858792993676,-39.24675773042513,9.754574889012684,-14.496308600323205
2024-12-11,-3.98753871899315,-38.78746239409436,9.788307693894943,-15.24749155170694
2024-12-12,-4.89201667853089,-38.791628805166646,10.373799362791631,-16.1210365467626
2024-12-13,-7.566576705819954,-38.8151464814684,9.660629208503632,-14.933282033710325
2024-12-14,-7.710060953890451,-39.05086079721942,8.396661306786257,-14.965926308836247
2024-12-15,-7.562354910463797,-39.586496696954896,9.255933846190608,-14.188573875963064
2024-12-16,-7.315920064131125,-38.94658915436125,8.567894696117012,-15.490797200083408
2024-12-17,-7.2821443051949855,-39.23277588522121,8.62891566157765,-14.738763521462193
2024-12-18,-7.174056211345866,-39.208957259320094,9.226470793334368,-14.628043181712547
2024-12-19,-8.829395395840336,-39.041429814230604,9.969309792259084,-16.076595090638314
2024-12-20,-8.936244948055116,-38.69934315169157,7.6127168459273555,-16.43680615693911
2024-12-21,-9.33927069378488,-38.59973650709211,7.89206779992477,-15.439008836286567
2024-12-22,-9.124332390880458,-39.33312556818533,7.942375224774326,-17.397049868372942
2024-12-23,-8.247078655390537,-38.14015405251105,6.515555325566481,-16.122498120196497
2024-12-24,-8.303049546990193,-38.07315415009765,6.6773696439744334,-14.388442366244313
2024-12-25,-5.725029688973562,-37.451928739945636,6.2840641452845185,-14.332455337862234
2024-12-26,-6.238376986280686,-37.580729704820236,4.246978156374847,-13.035567140110587
2024-12-27,-6.561830187053188,-37.7021293877194,4.333491418257751,-12.765813951612536
2024-12-28,-5.548035174769085,-37.09900014989478,4.110563833063522,-13.313243637012675
2024-12-29,-6.091482044093699,-36.72606231316324,4.334730148237407,-13.454140873460464
2024-12-30,-5.201006101375114,-36.36576112208981,4.414049741179155,-12.853776056426522
2024-12-31,-4.79497969458641,-37.46024541269512,2.8951579292700456,-12.189643834228367
2025-01-01,-5.46508846085371,-37.328098648032594,2.3900048099023827,-14.522701342204877
2025-01-02,-6.302159770488523,-36.80998394167324,2.3803950679068078,-11.826004222799915
2025-01-03,-4.856203045013849,-35.13493433830208,3.198952412889262,-12.14446041047689
2025-01-04,-3.8508993886096903,-35.64815907971256,2.2583367602155904,-13.801880475884156
2025-01-05,-3.1118417148852364,-33.52644572240071,3.5801815076110444,-14.397888312295883
2025-01-06,-2.4044287581974153,-33.89883572838427,2.102671163868979,-15.427139883674062
2025-01-07,-1.4036265985409115,-33.97791235135893,1.085303478985062,-15.027561654598225
2025-01-08,-1.7639449870753978,-33.54975018161885,-1.215217334227443,-14.887907268047323
2025-01-09,-2.573012807939767,-32.534383376613064,-0.6066692266843625,-14.28165755516305
2025-01-10,-2.8241919996041576,-33.72153498665112,0.7129628006238389,-12.650085447011689
2025-01-11,-3.7219468295167255,-32.00733778589577,3.334111165949923,-12.603609911383355
2025-01-12,-2.4603770970217838,-32.430388405846074,4.307408656140332,-11.28411339713958
2025-01-13,-4.0389206092121075,-31.836947183574875,3.562808411808019,-10.750225741925725
2025-01-14,-3.3597979563944125,-31.245787718513686,3.6186456192083405,-10.92553669005667
2025-01-15,-2.80142816413583,-33.22814657453577,1.9206896447290225,-12.413356810812639
2025-01-16,-3.382902731826361,-34.49018366950715,2.2157988909464628,-15.021233140215294
2025-01-17,-4.301907129008093,-34.32167820918032,1.7783375355304245,-14.91633754724922
2025-01-18,-5.2271640869646,-34.09458596963521,3.3684212493582555,-14.414599023945204
2025-01-19,-5.7356485874042455,-32.805612507454214,1.4786359475120492,-14.824107780844296
2025-01-20,-5.623589364526717,-31.3160692570758,1.50457615765206,-14.323754788821185
2025-01-21,-5.417447747846034,-33.48000238198151,2.7127347963377884,-14.622840202990638
2025-01-22,-5.651357200178177,-34.52903318533427,1.2134839981844647,-14.508645705608178
2025-01-23,-5.9877762095459826,-34.62545337340248,1.3005039958427678,-14.628877976981954
2025-01-24,-5.278467857539978,-34.46873649844593,1.9224351833700453,-15.240230881624846
2025-01-25,-6.610916341973937,-34.194327982070384,1.687481836226897,-15.717935888759698
2025-01-26,-5.722247781774948,-33.291841094175886,2.1185678552775364,-16.095003074759966
2025-01-27,-4.864831407870501,-33.41770006750182,4.102804158434538,-14.419167156028388
2025-01-28,-6.376609735165858,-33.852887725808834,4.954171574357652,-15.484920901613208
2025-01-29,-7.76323046771676,-33.72898227049266,4.358704529315666,-15.128464829969701
2025-01-30,-6.076385567250716,-33.586976162735816,4.280353752973714,-15.410956048940813
2025-01-31,-6.48081207707704,-32.814578611426185,5.8013759328059535,-14.166179511260719
2025-02-01,-8.080622931695478,-33.56535587614371,5.316758847152525,-15.394525828659745
2025-02-02,-8.948482691945246,-34.10545819253354,5.329740366091987,-15.917805361257406
2025-02-03,-9.381922662900202,-32.70940340239238,6.1673214499498865,-17.379959406025396
2025-02-04,-9.529741202040755,-33.43275077126952,5.38221063214982,-17.39120503048633
2025-02-05,-9.709516023506735,-34.4536409407447,5.927717329700427,-17.627395478468696
2025-02-06,-11.455283796858996,-34.73047132320407,5.278828233768612,-17.511841906989588
2025-02-07,-13.802797327254993,-33.960774902261115,5.943523095200575,-17.25479493317353
2025-02-08,-13.850790790960911,-32.911203374201285,6.547075824083471,-18.33946952252818
2025-02-09,-13.41159516258633,-33.38098223733887,7.829755633142927,-18.911956307716906
2025-02-10,-13.723292902547087,-33.41442236370114,7.704808058523402,-19.879513631074637
2025-02-11,-14.427704994651108,-33.157902813395005,7.937262940056756,-21.33964725321625
2025-02-12,-16.058062922777623,-34.12055187031878,9.336747515315487,-20.897293832859027
2025-02-13,-15.405581462616034,-33.701441489445564,10.740404253027991,-21.47932760048108
2025-02-14,-16.148209218168628,-34.94020920869218,10.793755531814456,-22.574612504739896
2025-02-15,-15.680133620752217,-33.73042690589978,12.054790638058297,-21.66867086041374
2025-02-16,-14.8251458528743,-34.66188599361867,11.254248223337955,-23.285731690501
2025-02-17,-15.720317956911416,-34.45314599568902,10.799833034683331,-23.33436762179076
2025-02-18,-13.89236716885989,-33.72728834885416,11.329810449244704,-24.72442516531236
2025-02-19,-13.66227132643051,-34.52570367655767,10.249105079247752,-24.316090095325922
2025-02-20,-14.204694950518638,-33.82638119593318,11.359701995412339,-22.384129915251314
2025-02-21,-14.711046025602158,-34.19447357846568,13.457332025629631,-23.749624055846922
2025-02-22,-15.728025786983087,-33.16756703000965,13.858818303568707,-24.373233543371743
2025-02-23,-18.414772285759636,-33.913368676770084,12.790095577189769,-24.681811483249145
2025-02-24,-19.123906734338906,-34.93333619047938,12.35970702747387,-24.123502912065828
2025-02-25,-20.744292049694224,-34.5518276037343,11.333044903942278,-26.11395326815761
2025-02-26,-19.329086449955906,-34.41628621951266,9.673954455087442,-25.5399743092899
2025-02-27,-18.95216245644432,-33.74816281798489,9.258964292701362,-25.91027763119061
2025-02-28,-17.454731386688557,-34.190342256766755,9.78569822168511,-25.977135217546
2025-03-01,-17.772145931606506,-34.63794863947771,9.466001310252173,-25.777134767707857
2025-03-02,-19.136270188191013,-33.484145771566446,9.980783638427981,-24.537430327944517
2025-03-03,-20.024091964527194,-33.74950323692593,11.136628321471703,-25.09436269949674
2025-03-04,-18.315453578375546,-34.480919038477744,14.658244216255195,-24.65328973558107
2025-03-05,-19.845645755237754,-35.66722537083976,13.32655411513899,-24.006262486127117
2025-03-06,-19.560130269737183,-36.58529270053573,13.381605081761073,-23.462713577835093
2025-03-07,-20.890864966102452,-34.94235573636781,13.135087370888286,-24.919771002151926
2025-03-08,-21.308124952968722,-35.684626801064105,11.957710202223328,-25.101488436377288
2025-03-09,-20.42324673776211,-34.52103465615,14.272194161876122,-25.68378859389356
2025-03-10,-21.124050956316974,-35.700714599042534,14.555598927487127,-26.1994543330932
2025-03-11,-21.398175363832763,-35.19275050264801,15.614436567860993,-27.44469375020388
2025-03-12,-22.453015307679998,-36.733959323037,16.185085783686354,-27.04350592581941
2025-03-13,-21.831744421185654,-34.946345823462906,16.655995660280883,-27.755488709742547
2025-03-14,-22.1631209130902,-35.71526152407899,14.224346467563347,-27.472687002206488
2025-03-15,-22.765028939778972,-35.58569795149994,17.121379720645958,-27.994032376705448
2025-03-16,-21.311734665982964,-36.35220730109952,15.149107881797732,-25.70958597306721
2025-03-17,-22.423816581055025,-37.03669127590899,13.905751515276444,-24.379649948129924
2025-03-18,-20.830904758031622,-35.69838562749558,15.38025870138024,-23.565921037115334
2025-03-19,-19.533813948701155,-38.25147523295603,13.8786057561465,-22.39724983957796
2025-03-20,-19.74793249618762,-37.2927854169685,13.632868497476375,-23.173773168697796
2025-03-21,-18.991436877719433,-36.45309108566624,14.661383691559625,-23.69747549957805
2025-03-22,-19.799674295473796,-35.97339808910597,15.240740051153502,-25.206928132008724
2025-03-23,-19.710403228842726,-34.15903584561224,15.4149343641258,-25.665333334168565
2025-03-24,-19.304396653673308,-34.97314998927272,14.501718419931777,-24.617954919671412
2025-03-25,-19.022576080723166,-36.72724896115056,13.324034246955025,-24.15658212856335
2025-03-26,-19.05508463950237,-35.65375299472614,11.104350815124828,-24.84536620432575
2025-03-27,-20.03322601046991,-36.14562546919644,11.139919430112535,-24.52806390923785
2025-03-28,-20.79899628474491,-36.348904417866976,10.495121230831566,-24.945560812806594
2025-03-29,-18.864928587092304,-35.9736020996374,12.050081873754722,-24.407452220176843
2025-03-30,-19.36451263336432,-35.5644683379419,11.665326987108466,-22.568368300349753
2025-03-31,-18.190618241761737,-36.835806059563254,10.659366658044634,-23.135330422228325
2025-04-01,-19.207528994542066,-36.04279145661796,9.544172663688776,-24.064339771058705
2025-04-02,-19.30478749582433,-36.261378568897875,10.965140202529076,-24.216078301511857
2025-04-03,-19.94508251705966,-35.457979845329724,11.21369792156192,-25.185611631549495
2025-04-04,-18.870119105384028,-35.36964393374936,10.998118549983516,-26.096449453615055
2025-04-05,-19.64021179224471,-35.43104560586379,10.581842591598008,-26.576471509832206
2025-04-06,-20.35396151630025,-34.04673851343136,9.088928172104296,-26.430486571377227
2025-04-07,-18.61661613673902,-34.95686276963594,7.770735741515371,-27.161027115622097
2025-04-08,-19.572300319921137,-35.16437583987671,9.096985983677163,-27.64227505471832
2025-04-09,-19.92542733395339,-32.58606828309573,8.560577664789937,-27.70076752473829
2025-04-10,-21.692469739877584,-31.700240639851987,10.465133964805197,-26.098843757059644
2025-04-11,-20.744220542831922,-31.385268469083655,11.262356511150848,-26.33706853331145
2025-04-12,-20.504444862912123,-30.740426009017984,12.87191225584113,-27.130045581857818
2025-04-13,-20.0798712231018,-31.09227417060459,11.53659924818475,-28.305686353507564
2025-04-14,-20.256820925685037,-30.44623293682241,10.993124746131322,-27.68707288993083
2025-04-15,-20.370955840160264,-30.829636814780493,9.032529513166374,-26.904630492749884
2025-04-16,-21.42146082283588,-31.682708450830525,10.26643311399118,-25.507174295099787
2025-04-17,-22.017999202897474,-33.20543165823705,12.163733820956645,-26.281230135025076
2025-04-18,-22.51934182315052,-34.76035223033776,10.840237661276793,-26.683109158088033
2025-04-19,-23.580517976098868,-34.68823754027931,11.667962057604864,-25.13405022601969
2025-04-20,-23.3339329609408,-34.234044170051206,11.257894165154484,-24.113116293154622
2025-04-21,-24.860241324572495,-36.456038466604994,11.512387125345386,-26.40537115702395
2025-04-22,-25.111483221600825,-34.04472849122341,11.253355288275136,-26.40873707795244
2025-04-23,-25.758638088798303,-33.95224750748469,10.591373470442443,-25.525768197120627
2025-04-24,-26.6903132080113,-34.317545088511054,11.213363968147426,-26.529297429968054
2025-04-25,-26.62472416760892,-34.871873978690104,10.826463221610148,-27.47228729322728
2025-04-26,-26.969861310850316,-36.53959746162288,11.217505185432685,-29.144718832869696
2025-04-27,-26.120880443568396,-35.92499711458667,10.410190300626233,-31.731126649849106
2025-04-28,-25.9360982014494,-36.16886532554226,10.429421598182099,-31.308059703377616
2025-04-29,-26.346139054530127,-37.65932561035942,10.418586301188983,-29.0286124965939
2025-04-30,-26.443874103341464,-37.93033528427956,10.753669404069521,-28.82352400398497
2025-05-01,-26.450726072864448,-38.442699914145756,9.869417966809447,-27.056307740366695
2025-05-02,-25.68033758674515,-38.73952022484066,9.847419764414433,-26.677653664692667
2025-05-03,-25.175550793350187,-39.492433851383446,11.20342110304385,-27.463290375741536
2025-05-04,-25.291021724836764,-39.96760895057471,12.045690639752026,-27.445165885488557
2025-05-05,-24.96035454172731,-39.32017885672394,11.896905204040424,-27.24715246365392
2025-05-06,-24.948223981546747,-39.18352329950183,11.679094081352352,-27.950423488048546
2025-05-07,-25.893143177945927,-38.8995359391836,13.458731577124443,-28.033254017245934
2025-05-08,-25.253386381970817,-38.65795933854381,13.62725876724076,-27.18490329467218
2025-05-09,-25.69707263656032,-36.509748606143354,14.702481566332478,-27.624627079061565
2025-05-10,-24.955585767388367,-36.42902143515463,14.633914239602886,-27.67232050858832
2025-05-11,-23.644634160669337,-35.66874234868145,14.58017111729164,-26.36617029217023
2025-05-12,-23.501362759705827,-35.12401113313861,16.649312273748187,-27.522396702797263
2025-05-13,-23.26256837091519,-34.67071817567189,17.355588287093745,-27.38046546634364
2025-05-14,-23.44202639360105,-34.81571698023365,18.06996536213206,-26.85841988107838
2025-05-15,-23.26250582413936,-34.5110745403039,18.56190523698801,-27.189164936886954
2025-05-16,-23.4873663491816,-35.61438115995096,20.46188622426399,-26.44987364084936
2025-05-17,-22.431032300032765,-36.12055768751788,21.676307844715666,-27.321347919828685
2025-05-18,-20.997657384584567,-35.87587902801026,20.95215119032106,-26.857239117545344
2025-05-19,-21.595959516556825,-37.43131609282918,22.009009987702832,-26.76132197154542
2025-05-20,-19.805632822065224,-37.17469076093549,23.59427681879057,-26.935637172356845
2025-05-21,-19.399373706285477,-36.954846761902495,23.426762669825543,-26.942358664977675
2025-05-22,-19.445052628097574,-38.59093892856346,26.00739607414146,-26.47782487593003
2025-05-23,-21.28540474537436,-38.11381331852385,24.883018859879133,-27.19088301118587
2025-05-24,-20.51111990178599,-38.60477685862224,25.61744312391208,-27.51876466781481
2025-05-25,-20.547634392544726,-38.46074763676669,24.46652662669364,-26.859495626058735
2025-05-26,-18.620398566377578,-38.95713287845268,25.820613560566063,-24.8112435496484
2025-05-27,-18.647852575173832,-39.75368817281226,25.460445531958065,-25.237365857280402
2025-05-28,-19.66667919322509,-38.55940664312941,23.29432425744068,-24.276315015692063
2025-05-29,-17.996126688022642,-39.41433388415691,22.665553429850075,-25.610656930075866
2025-05-30,-19.246084561393747,-37.90415873364522,22.94150962489942,-25.440980845888287
2025-05-31,-19.704365682974498,-37.300518722985046,23.880530668164944,-26.25774196468977
2025-06-01,-19.188715039315873,-38.22538977983563,23.696651017899164,-23.78846750278156
2025-06-02,-19.27247147153996,-38.65940416955079,23.105082927412003,-24.123418655824654
2025-06-03,-19.96811795252326,-38.57938823990227,20.29022777305772,-23.50988813219292
2025-06-04,-20.811280044437538,-37.67417127982111,20.760785404539817,-23.546694067403905
2025-06-05,-21.47366762082686,-37.17495804859461,22.090519948121887,-22.498645021437582
2025-06-06,-21.519881693478734,-37.43344910974737,21.85407293874026,-20.318489291086134
2025-06-07,-21.82539047088199,-35.99686904439094,21.37893767560068,-19.638898866221464
2025-06-08,-21.754050665378013,-35.02752149234074,22.472599582846172,-19.46270688774849
2025-06-09,-21.202740468410383,-36.090742981709575,22.88740249457125,-20.24915737583058
2025-06-10,-20.810572087192366,-36.00471324790742,22.384884347322714,-19.055260030529272
2025-06-11,-20.179246658056943,-36.106286688932514,23.72296503078285,-16.98817976503448
2025-06-12,-21.083688860594414,-35.15085787742155,24.135476185155518,-17.227706441573133
2025-06-13,-20.530725715057667,-34.064405823405686,24.216340796349815,-18.12455792494222
2025-06-14,-20.08797634857672,-34.038479509191944,22.921905013414563,-18.61377804339179
2025-06-15,-17.928529077543892,-33.4875119009946,22.182821909446634,-18.174094849866655
2025-06-16,-17.724139928691528,-33.372517405433854,22.48893750829521,-17.22486421261511
2025-06-17,-18.106760256983964,-33.93178816811845,23.306041497743784,-15.91306625119707
2025-06-18,-18.7500900521235,-33.270017825070276,23.320937636097216,-14.598343507988718
2025-06-19,-17.887893028910582,-32.73747609451026,23.423243689641843,-14.69713854677944
2025-06-20,-16.593840822182393,-31.137954931514244,22.22889070555579,-14.722666563527069
2025-06-21,-15.614463472792899,-30.00860528309059,23.164108192792174,-14.748923589807646
2025-06-22,-15.822161136761887,-29.593160024396614,21.80796580121479,-14.60376919322687
2025-06-23,-14.27526596061487,-30.559506907966846,23.212576503612464,-12.94694910448138
2025-06-24,-16.188911468893505,-30.19371154653134,22.501009011737573,-12.660206624090712
2025-06-25,-15.694780474682197,-31.113216709348862,22.657871819216655,-15.16666843004236
2025-06-26,-15.744457574804928,-30.455809981690738,23.501750026786272,-15.096171611802728
2025-06-27,-15.780384582943029,-32.58546183450526,21.549525385197544,-12.763000952927413
2025-06-28,-16.93705157237655,-33.03739143042814,21.77521473543504,-13.171517284249594
2025-06-29,-15.510482860123183,-31.186483764278158,21.670151240308773,-12.279131264589394
2025-06-30,-16.617602841064954,-31.412411885582998,21.773641041870793,-14.213452201094794
2025-07-01,-16.766284768697776,-31.418900434618408,22.7836948604151,-15.094278424109099
2025-07-02,-16.415996300007954,-32.438107738139415,23.145846265906506,-14.950255485439762
2025-07-03,-16.775855106726503,-32.72179861431472,22.700883166737086,-15.375331920283195
2025-07-04,-16.361654488534572,-33.63536177229416,22.12189198654152,-16.66877216587902
2025-07-05,-16.91409898973208,-33.747302186376935,23.302437748696402,-18.03827069863272
2025-07-06,-16.910924299403703,-33.44863016266144,23.49289168434694,-19.419839238093395
2025-07-07,-16.61690544428947,-32.37242004403849,22.034739729756815,-18.740613929390985
2025-07-08,-17.465901024282978,-31.900302907949193,22.468285954188584,-17.69808566854618
2025-07-09,-17.21312528896953,-31.55303338269676,20.924833045977905,-18.46145108634626
2025-07-10,-18.613090012756896,-30.236092854984868,20.44183314724571,-19.41333259945402
2025-07-11,-18.428498048117298,-30.478525825308644,20.758628846719695,-20.30041602705114
2025-07-12,-17.35262074251925,-30.889705133812285,19.26906924530617,-20.472259374798657
2025-07-13,-16.842886120965904,-32.0331688851657,18.476333094188508,-20.743711428075482
2025-07-14,-18.050836821209042,-34.113695105429684,18.004942524161248,-21.46192237554444
2025-07-15,-18.159151781525715,-33.73914754419562,17.77664124819647,-21.580685157697697
2025-07-16,-17.953002748967847,-33.883322017665535,16.35944632533436,-22.363353943165556
2025-07-17,-17.97716932380783,-33.72192664437601,16.691661017160722,-21.26918391029555
2025-07-18,-17.152311481415285,-33.282839069841636,17.197802827964214,-21.382455983398554
2025-07-19,-17.12396919246991,-33.39567990319871,15.752722933734177,-19.851264709087186
2025-07-20,-17.847718580757473,-30.519333972600943,15.184802847248324,-20.10070862526514
2025-07-21,-17.728612771194967,-30.56699046510864,15.293405739466165,-19.605497691161283
2025-07-22,-18.96004300519451,-30.626188413464572,16.165794908100086,-18.071995858943108
2025-07-23,-17.773523248108795,-33.01608332105357,15.17827719241788,-18.90606068841085
2025-07-24,-16.834137432442517,-32.870465735548734,13.606492274958633,-17.828721495876398
2025-07-25,-15.14731205401962,-33.04055812805472,13.071407794357626,-16.964543304767375
2025-07-26,-15.061348234395522,-32.11264231988322,13.59609545082241,-17.58809186050579
2025-07-27,-13.727889780325034,-32.272635381151005,13.610290115208567,-17.24904688953158
2025-07-28,-12.931774468262452,-32.970722371430355,13.828782506380943,-17.00771965580246
2025-07-29,-13.857356931153115,-33.73105899493545,14.06540135063973,-16.304388530414187
2025-07-30,-12.995254827699544,-34.404212539439406,11.77885804926342,-16.78002139008494
2025-07-31,-11.773285653777807,-33.67043721948949,11.519552510450833,-17.79044187010715
2025-08-01,-11.351588825699283,-32.902710304471896,10.942292277466338,-19.336434407023663
2025-08-02,-11.427248188393575,-32.01048388445355,9.456130137144303,-18.097904723819955
2025-08-03,-11.074460398987764,-33.331760261587796,10.35862396465896,-18.817260604113454
2025-08-04,-10.37540308408261,-32.75086134798876,10.575711044371406,-18.908228640983967
2025-08-05,-9.921385596093318,-33.0480088754195,10.811648220146303,-19.24586952612775
2025-08-06,-11.40156046690914,-35.08552722402629,10.606961560568989,-18.41805336059279
2025-08-07,-11.897275713696331,-36.30876531093029,12.894773515047907,-19.81569175532839
2025-08-08,-11.699194581051163,-35.92157310288581,12.401509263070691,-19.86468146807203
2025-08-09,-10.381318057883824,-37.01578515088387,12.561927229536474,-20.162134273325375
2025-08-10,-11.05029970768734,-37.269448511865974,13.745617602287998,-20.22120468559024
2025-08-11,-10.681286377403893,-36.50629349880896,13.009582350664537,-19.42804508376209
2025-08-12,-10.624643922741,-38.12087449623618,13.246388909118927,-19.30964046596359
2025-08-13,-10.50676760103815,-39.02636726456907,13.174737968760306,-19.080023778820475
2025-08-14,-9.984555925321988,-40.74631637411079,12.68360008922565,-18.157763685893894
2025-08-15,-9.968642849121837,-40.09999243948859,13.960538655511083,-19.270344238605418
2025-08-16,-9.266020960248074,-39.23827607875384,14.157573749744518,-18.051320349531938
2025-08-17,-9.14804812453601,-39.76718391697006,14.388276440952833,-18.64954927147136
2025-08-18,-9.724201723527052,-37.99687424114838,15.055086511634197,-17.702501112503715
2025-08-19,-9.92693413275557,-37.26435222254458,15.043617913414133,-18.182230650080324
2025-08-20,-8.944557766912526,-36.72602306744343,16.206193243995145,-18.14188635271243
2025-08-21,-6.600235974282075,-37.11540398746639,16.724484322768664,-18.797174388879416
2025-08-22,-7.0353765373409365,-36.392760959339995,17.03161099213177,-18.541318122405677
2025-08-23,-9.416956518690103,-36.713316301375734,18.224033197016585,-17.92553128675827
2025-08-24,-7.741456091349351,-36.34681552746215,16.210488362097628,-16.941289515353223
2025-08-25,-7.170046491851049,-35.074890544376416,17.166830238445602,-14.59438158820331
2025-08-26,-7.552792594610542,-35.21437287930816,16.629352085147996,-15.417193808266516
2025-08-27,-7.177169261032055,-35.77213706938887,17.34255277148711,-16.564513006959544
2025-08-28,-7.420873451706966,-35.834757512248515,17.86706660708759,-16.50175809028487
2025-08-29,-6.7468584610280296,-34.660196042738185,19.282959067571657,-16.360309236769535
2025-08-30,-7.326940638669354,-35.876001773771115,19.183793407482675,-17.504470756470635
2025-08-31,-8.517278850079155,-35.796697798071115,20.289054897291283,-16.358202139888416
2025-09-01,-8.637159939450358,-35.61500993110085,20.810949213776375,-14.864202532757519
2025-09-02,-8.015744000020545,-36.545777480102274,21.60106529200046,-14.12187220549708
2025-09-03,-7.255237347729457,-35.13494513135771,20.648826224563777,-13.866939478046392
2025-09-04,-5.863892423642216,-34.04947450037698,23.006744229898032,-14.086245132147207
2025-09-05,-6.510603043178731,-32.74393423071616,23.027458977075494,-13.999107683959348
2025-09-06,-7.050675397904074,-32.522885018521116,22.860711920563357,-16.36866106649776
2025-09-07,-7.150396457209079,-32.50060546091101,22.21679340565586,-15.727123948334166
2025-09-08,-7.332150722041082,-31.54923084383396,20.726666203750973,-16.229183780157623
2025-09-09,-8.100635296921611,-31.565878004328468,22.535537934676,-16.814679141631505
2025-09-10,-9.526334811325594,-30.835256645934013,23.223528462492162,-17.4507465731147
2025-09-11,-8.64679413216569,-31.4512172445037,24.376296677993928,-17.588367069695412
2025-09-12,-9.138317711931562,-32.13081111928845,26.009552450097416,-17.54611914313771
2025-09-13,-9.13447551346097,-34.966160940447715,26.933850376417148,-16.082963379357462
2025-09-14,-10.10975006319208,-35.21403834213813,28.683579858346274,-17.377436316742163
2025-09-15,-8.899773702151588,-33.8197018428912,28.614177463634164,-18.36051105343177
2025-09-16,-8.383808119400245,-34.82189107748512,28.367262935693738,-17.95458226848989
2025-09-17,-8.621103094628701,-34.05189986986623,29.650454236389336,-17.50671644911773
2025-09-18,-9.636114052262673,-34.07219731001956,29.898629861976318,-17.566796307737835
2025-09-19,-8.893315143514982,-36.278766452610974,27.676714128137387,-17.86048281453028
2025-09-20,-9.595347253929859,-39.35498179909557,27.824487374391154,-18.493908223837224
2025-09-21,-9.904086477811282,-38.55497123403757,28.35045793976291,-18.565028506687675
2025-09-22,-9.708693673362465,-38.82181509473944,29.051261650538216,-18.06137456644632
2025-09-23,-7.964963329521258,-37.23520311205562,29.136689691102706,-18.250592437981243
2025-09-24,-7.714926033114789,-38.32921229214036,27.993556649420327,-18.33241091698483
2025-09-25,-8.900539246930357,-39.343775843595765,28.171328236785786,-19.990835843066208
2025-09-26,-9.67191051918518,-40.33292163271414,27.521338691515762,-21.509267335558974
2025-09-27,-9.64727843438663,-41.88686917209224,28.038182198736298,-22.230770244021944
2025-09-28,-8.537963430707567,-44.18319521946468,27.225454070849818,-22.57106540106375
2025-09-29,-9.323748626342114,-43.007773479710885,28.4374830300847,-22.635924072783055
2025-09-30,-9.145596048650573,-43.788929925267176,27.43359561548331,-22.131322546605762
2025-10-01,-9.737948342522344,-45.444274862452424,27.62194840053059,-20.816773288107203
2025-10-02,-9.03587005697684,-44.05865928361544,27.753791617333047,-21.24237199748995
2025-10-03,-10.599092338098066,-44.28524136875024,27.437359345272213,-22.346420296950857
2025-10-04,-9.293656140134463,-44.41549505289469,26.93338269408511,-21.36261742293004
2025-10-05,-8.919648175477358,-43.94395387616758,28.11940459846096,-21.992549099480776
2025-10-06,-10.05526059042482,-42.19582151426676,28.723973540173677,-22.634511950159194
2025-10-07,-9.194660348829542,-41.335310392666194,28.068873080252235,-20.74264494285769
2025-10-08,-8.40184049739741,-41.862445680191634,27.547852072152363,-20.965000386628805
2025-10-09,-8.674612890099771,-41.06417533425662,28.391222734269988,-21.99264821352381
2025-10-10,-7.950535440589608,-42.535494914726605,27.84538738783256,-23.115778141118675
2025-10-11,-8.160890447012775,-42.65039822312501,26.967768687070283,-24.130100330270732
2025-10-12,-8.611094511622044,-42.358998092699345,27.203736372500114,-22.972893757132457
2025-10-13,-8.746556121223355,-41.34826372809619,28.16158132618923,-22.265971934776726
2025-10-14,-8.305323016468364,-39.63994089256064,29.035692076789466,-23.783368457177577
2025-10-15,-8.07348869357773,-40.2216048325872,27.816890952130287,-24.444204120624747
2025-10-16,-8.043286791104507,-39.30343480950794,28.980305864307045,-23.54568914269261
2025-10-17,-6.987727814609892,-39.40803233977629,29.40041727322787,-24.187206076630005
2025-10-18,-6.623937035867994,-40.49605916122745,29.79795074679109,-23.751997902651354
2025-10-19,-5.548731243765796,-39.12725341189593,29.085937776179534,-23.85547443805182
2025-10-20,-5.959065806590113,-40.421737168764245,27.01273268174319,-23.95551435339332
2025-10-21,-4.671883044877571,-40.81038513727138,27.130590938995187,-22.53551994594927
2025-10-22,-5.171301455521689,-41.19091623621479,25.8190536535791,-22.081292321641868
2025-10-23,-5.168043551136175,-40.09312148482508,25.590572860848102,-22.30501089630146
2025-10-24,-5.59407454137222,-40.31638098087274,25.494669121450762,-21.6332974925195
2025-10-25,-5.143664786004217,-39.595512039146065,26.588129326053586,-20.327243706280488
2025-10-26,-4.194902991194074,-39.24652911156634,26.269509825727358,-19.33103491041692
2025-10-27,-4.1875939359842755,-37.94445021874036,26.747851588134385,-19.931243845628806
2025-10-28,-3.8783004769788225,-40.17690927934984,26.800666585265965,-19.627209744330152
2025-10-29,-4.532631151562684,-42.10681036090445,27.64460037564418,-19.39696267468219
2025-10-30,-4.7458515940046375,-40.86848152605565,27.18712749012664,-19.995610398721166
2025-10-31,-3.3200848987263356,-41.68096958540516,25.810861039318684,-20.329167604131595
2025-11-01,-3.5501543794866532,-41.076841529616885,26.064267025677726,-21.387410175410903
2025-11-02,-4.81644483084834,-39.54283888709084,26.36262985850339,-21.773074994953678
2025-11-03,-5.569900157272662,-38.06460503648735,23.4546622128894,-22.25567238384154
2025-11-04,-3.854308093343394,-38.636223030245525,23.1720615375929,-22.47530979378284
2025-11-05,-2.752473693623241,-37.28778632081677,22.997296359259437,-22.664471539671524
2025-11-06,-2.846083641284252,-37.35395519915168,22.26222416987346,-20.855512798137116
2025-11-07,-4.660893965905584,-36.770002946401384,20.84234903428184,-19.530544284530066
2025-11-08,-3.6499588613522604,-37.62798991274723,20.0759264454356,-21.02010147582198
2025-11-09,-1.4472175360281732,-39.15524699058835,20.687740981601596,-20.16107681617246
2025-11-10,-1.559319312011867,-39.1410926700616,21.41160073080616,-22.06406462367125
2025-11-11,-1.6036232725809243,-39.40011193359927,20.867483012185104,-22.55698187237937
2025-11-12,-1.4923686563209595,-39.257554648134416,21.039464490333437,-21.439386620418514
2025-11-13,-3.656095858062855,-39.041717031635955,20.19695077269172,-21.612031364779906
2025-11-14,-3.4304381281540306,-39.93277796029799,21.763042377977936,-23.788769591516264
2025-11-15,-4.109122923150372,-40.25425679970606,21.761322820649767,-23.299853178593473
2025-11-16,-3.764727402723282,-42.62687493263514,19.67199478008726,-23.00012139530971
2025-11-17,-3.1410472588379337,-44.35553648490207,19.360693831671433,-22.335867882638055
2025-11-18,-3.6207420789292533,-43.78992725911679,19.66082132373343,-21.604025250210473
2025-11-19,-3.6427132912629663,-43.190726837291535,18.308161188917637,-22.124445973020485
2025-11-20,-4.561783151396006,-42.16606451735322,17.53382909405435,-21.201982508236174
2025-11-21,-5.009047406984084,-41.443939356767636,16.81585833252043,-21.32888886327453
2025-11-22,-4.924761027937969,-43.00105032268325,15.739916478424107,-22.566476327892307
2025-11-23,-5.991823974645233,-42.14402498808607,16.669644489152205,-21.85695529099289
2025-11-24,-5.278424161248385,-40.82185095547441,16.486375839949208,-20.940030942320504
2025-11-25,-6.429382468351646,-39.88666245290859,16.107818195546248,-20.39946249843182
2025-11-26,-5.34308667787956,-38.40397188887408,15.005825484913542,-20.258045725612337
2025-11-27,-7.036288307681041,-36.948207738185516,14.074347659195228,-20.466580532343652
2025-11-28,-8.035399036997894,-38.10299712264983,14.564894777077322,-20.248242524305187
2025-11-29,-8.680098927966931,-39.45802941934654,14.783413413946386,-20.025200321147857
2025-11-30,-7.966539685800828,-40.259097503143416,15.916425703806203,-21.148415113972973
2025-12-01,-6.402374481226322,-42.11420279262215,14.650197736301118,-22.431896863377453
2025-12-02,-6.146744803479446,-43.94914215053097,14.788471909192763,-22.1486772623115
2025-12-03,-6.093432912462709,-42.88223003241213,13.761074759571894,-22.405126338570476
2025-12-04,-4.648337838759756,-41.18698620515062,14.224529876117376,-22.88047700989549
2025-12-05,-5.365758758220944,-41.15267941867253,14.279409701536446,-21.291166207191218
2025-12-06,-5.317798501513738,-40.55531202715607,14.211502484406163,-22.129140226857146
2025-12-07,-5.442908340690266,-41.40745473383887,12.869879143128806,-23.92475572139418
2025-12-08,-6.301290411048036,-40.76714993486319,11.742875972489857,-23.94060508498703
2025-12-09,-5.761620390262625,-39.72045376490219,12.88237890884339,-24.305968810096427
2025-12-10,-6.660042028719732,-39.672291101363136,13.364556037339083,-22.945168781337447
2025-12-11,-7.277725600898036,-40.37723578512547,14.394224919128707,-22.13258630369171
2025-12-12,-6.62717558781626,-40.150548934735845,14.026018915599543,-22.788892501901557
2025-12-13,-5.531502740571284,-37.75260854284348,14.006648530110606,-22.283234519198913
2025-12-14,-6.078604055321291,-39.97723994227469,14.33871277815969,-21.895958234243952
2025-12-15,-7.017353417863488,-39.16344943718397,15.569182276573141,-22.648498924301787
2025-12-16,-6.873945896655327,-36.94086177298501,14.462902963799046,-22.57675942297115
2025-12-17,-7.652474987592015,-37.64744332049144,15.452334196383816,-22.23348998442722
2025-12-18,-7.455633325013668,-37.57018648577927,15.03656792638717,-23.90913396403356
2025-12-19,-7.969016318048798,-37.20897253334988,13.844261519763066,-24.32681570692598
2025-12-20,-7.952818049632244,-36.97198194551162,11.443557630914306,-24.5714815372755
2025-12-21,-7.635197872353659,-37.84617880739032,11.016194543084904,-24.967200884149612
2025-12-22,-7.503660897226849,-35.95479296080628,11.13488806071364,-23.77355346010751
2025-12-23,-7.446698176704579,-35.96462495937024,9.83856494320043,-25.62057752110712
2025-12-24,-6.934537897916256,-35.75217540098781,9.990637845605722,-24.93351827538685
2025-12-25,-7.923170780841527,-35.6180621953138,10.221492109324407,-24.15650043486774
2025-12-26,-6.377228488818355,-36.745739523469425,8.179855770587128,-26.1861561980431
2025-12-27,-5.026046705409191,-36.22087551142103,7.945057768385258,-26.354960966589314
2025-12-28,-5.1874967664697245,-35.76206617740966,8.209262078019329,-25.592016990341985
2025-12-29,-5.307108579307992,-36.58185904281883,8.010196510780741,-25.352442166433985
2025-12-30,-4.692366151172482,-34.27624267226208,9.067420019570593,-25.922380983569035
2025-12-31,-5.833876512156744,-33.68665869970406,9.319620567130595,-25.902968309344782
2026-01-01,-5.312385145846131,-32.3385727961815,8.584024286512504,-27.98996780745781
2026-01-02,-5.440376960009069,-32.09364729160602,8.415923101005784,-27.952583570492017
2026-01-03,-4.547759135226579,-31.894396733289067,8.666412850635247,-28.55088579455871
2026-01-04,-5.764378094361456,-32.54171605814172,8.81924207666256,-28.17407914356271
2026-01-05,-6.862837425165235,-32.875857396494126,10.182993793665188,-29.513753105814672
2026-01-06,-7.047345312822805,-32.90753900584927,8.186620616444346,-30.664157769596084
2026-01-07,-6.680149512465338,-32.07440240842476,8.64499207871879,-31.750099028777186
2026-01-08,-6.981007217665931,-32.10025537176193,8.089383908098334,-31.770621749946326
2026-01-09,-6.645326700223348,-31.514056838462423,7.4301123753756855,-32.381073242069924
2026-01-10,-7.433411430056039,-30.938628314856572,8.104847657802358,-30.360499934783142
2026-01-11,-7.497562961923137,-30.822773402635793,8.113405055000086,-28.146081631274352
2026-01-12,-5.860223598262023,-29.4098392199445,8.746571317882498,-27.950113121946867
2026-01-13,-5.387949273072371,-27.89970411663087,7.518696505966566,-26.958925794515473
2026-01-14,-5.661915948458934,-28.532564317762585,5.384416905196966,-26.953237095903386
2026-01-15,-5.548416012384685,-28.895725906062317,5.112171520525293,-25.925919177372737
2026-01-16,-3.948689291792589,-28.791454837530374,3.6703342061826767,-23.68173368925106
2026-01-17,-3.851661266958975,-30.89960229846342,2.5129153843302383,-24.916478787717146
2026-01-18,-3.123882526767407,-30.913014215125543,1.299819657824906,-24.96443568326706
2026-01-19,-1.2983360271374103,-31.823446304596605,0.976855186808574,-26.084069670697215
2026-01-20,-0.3121324451093348,-32.21675494549065,0.2924492698978739,-25.662428458236583
2026-01-21,-0.031204783712215245,-31.454180762289894,-0.058009317106109626,-24.3967670179646
2026-01-22,0.7724264655312624,-31.997053053340522,-0.3484195541182694,-23.46240703143055
2026-01-23,0.2110828780946108,-31.99213609604121,0.872013693848399,-21.718650319040993
2026-01-24,0.5734524987620391,-33.200680220565545,1.4385612629433615,-23.93051531624772
2026-01-25,0.9846583707870494,-32.67164000059594,1.346133491655083,-23.449129116493403
2026-01-26,1.4618267331430497,-32.93849965482153,-1.6230811890251373,-22.69125340065465
2026-01-27,1.229332613248461,-32.02046365255674,-2.155288637998654,-20.91505580478291
2026-01-28,0.46649154132277837,-31.247434531180666,-0.849243127017985,-21.864082005026276
2026-01-29,2.4042610067174284,-31.87522827591751,0.036329644925738425,-20.97630104330543
2026-01-30,2.6039282036383598,-29.681473054814433,-2.0226958754984246,-22.17646841985742
2026-01-31,2.2834356130125784,-31.09021646249505,-2.0086915748605603,-25.155909702719597
2026-02-01,1.393291533384913,-30.607981715917624,-3.784416855340865,-25.133570008962685
2026-02-02,1.7078493497589917,-29.688761842170553,-4.4633089058710675,-25.715918135801523
2026-02-03,1.7079440077193595,-28.45295149967265,-4.5181287565162815,-25.570020551892654
2026-02-04,1.1818188502383373,-27.40833670892773,-3.8431221788578074,-25.04745215168514
2026-02-05,2.5756857094508976,-27.940850628897568,-5.631577348835662,-24.74885983699632
2026-02-06,2.682590136132773,-28.46317484015342,-5.7567115064417065,-24.433691111947198
2026-02-07,2.9381362773963096,-27.998904200123068,-2.407290900014189,-24.118900767148496
2026-02-08,2.2660776370705964,-28.724826909111062,-3.927922759149677,-23.346901881412606
2026-02-09,1.735748342298768,-28.57064594239775,-5.85277464139496,-24.556948793623604
2026-02-10,1.5191654490418005,-27.108311444451452,-5.297215373249298,-24.884096117923008
2026-02-11,1.12427007105671,-27.519294773342345,-4.735334380602579,-24.455308564126874
2026-02-12,1.6856275713058113,-29.298520441977377,-4.54833159735329,-25.446890510783962
2026-02-13,2.6233898261451065,-30.42012979602178,-3.4794908702954426,-25.906074432061253
2026-02-14,1.149091581444168,-28.91964422327061,-2.89036341463521,-25.08133377439502
2026-02-15,1.1626775755656527,-27.91217438984967,-3.036532031493385,-24.185923744286846
2026-02-16,1.4294777719393534,-26.96698992180896,-3.691973690874692,-24.456352587355244
2026-02-17,1.1294958620209055,-27.24032386233091,-1.3914815857880254,-25.71770128697787
2026-02-18,1.2707859507061205,-27.586907264363173,-0.8570117091808187,-25.75963185922484
2026-02-19,2.546060511969169,-27.304471797317564,-0.6580125848561246,-25.958572911882225
2026-02-20,3.265970260971167,-25.786786406047142,0.8414586938217458,-26.14290966608928
2026-02-21,2.631518356886766,-25.350578306832652,0.36578710397248,-23.915831731463634
2026-02-22,3.579951852016395,-26.715932144905594,1.1041304039418287,-23.433491817367482
2026-02-23,4.347641293074998,-27.96598395079149,3.4703557528386186,-23.57200973971883
2026-02-24,4.2357851292652,-30.266075001818745,3.254543966275641,-22.68410131648102
2026-02-25,3.85556843831571,-31.50553978497564,3.314612634109079,-21.990604149463806
2026-02-26,4.524628608757927,-31.337192913248966,3.288546540999096,-23.032154742749817
2026-02-27,3.12714791219476,-29.687429353056153,3.6953539468964216,-22.614597320667848
2026-02-28,3.8562844892018466,-28.799608108177612,3.363709653848166,-21.409251677908312
2026-03-01,3.384130175894421,-29.68672954036894,4.999426820704571,-21.199407778272036
2026-03-02,4.325190032541027,-29.72429461167993,5.127212616593284,-21.512027497710385
2026-03-03,4.70189812768332,-29.780938470454135,3.7155645455728195,-20.953232301603027
2026-03-04,3.7660329755111714,-30.49090805368502,4.39144064165124,-21.074967994182416
2026-03-05,4.674486688489976,-31.020571406209204,4.881183404742055,-22.445503741309135
2026-03-06,5.4875185400465245,-30.732133120375543,6.43937784940134,-22.564157268002308
2026-03-07,7.0300474727173645,-31.37708907974276,4.947344335146454,-22.284500388035603
2026-03-08,8.141804462555804,-33.18776921877384,5.777799046705456,-22.68392855405976
2026-03-09,8.226800276655707,-34.07379398240841,5.227219865746107,-20.773137478305653
2026-03-10,7.744045703467131,-33.416389573246455,7.367673101657658,-22.754292753871336
2026-03-11,6.434523798982095,-33.60310497848798,8.168326766931145,-21.548601783476062
2026-03-12,7.993900621163038,-32.48105749237613,6.349621256320174,-23.396178461174717
2026-03-13,8.75075419711296,-32.363300293129136,4.7097265519168126,-22.959951433218993
2026-03-14,9.270072129912897,-33.98940847509738,4.16373019192864,-22.198783340102793
2026-03-15,9.672060952279466,-35.173200682722474,4.568508264176157,-21.163432930127804
2026-03-16,10.497778981758575,-36.08597478302901,3.9866111797139854,-23.80198577080516
2026-03-17,11.640440855130363,-35.92063210074826,3.4028894602654076,-23.3178346961273
2026-03-18,11.909665734008996,-37.66796004623639,3.090143269447996,-24.05688383851689
2026-03-19,12.363504509709225,-37.28351826606178,2.8141010903853414,-23.564512638406818
2026-03-20,11.8511517924095,-35.03038303687685,2.3941969405757138,-22.853798492216438
2026-03-21,13.558602471780008,-36.219253675602964,1.065317076602543,-22.239615247621344
2026-03-22,11.671384966452901,-37.611647884390656,1.679047740342066,-23.753507536639233
2026-03-23,13.26030028147905,-39.055907048769704,2.3709098417461085,-24.71692477722749
2026-03-24,11.322368940030483,-38.615438373657945,0.8642242813566448,-24.689347813290983
2026-03-25,8.658987866641542,-37.80172299701301,0.9546854797448895,-23.97974199076702
2026-03-26,8.858546676340826,-36.5770365674185,0.9654758947699905,-23.748680706515298
2026-03-27,10.633661714252465,-35.61952781185707,1.2782948827392473,-23.36133118867144
2026-03-28,9.174150879558743,-36.0189345779095,1.2220265153079986,-23.29771509427472
2026-03-29,9.909620380382844,-36.681792097146314,1.1743232092479816,-22.754632348539733
2026-03-30,11.402559543113414,-36.02417870101017,0.6854116999179253,-23.564765475577182
2026-03-31,12.70356520225124,-37.7753697255558,1.8514299582876852,-24.26242251780512
2026-04-01,11.508655914632412,-36.59530135417928,0.9392024441950848,-23.810078616134533
2026-04-02,12.473281650186799,-35.928073269121484,1.2143955288580923,-23.542380763609742
2026-04-03,10.952648843036588,-36.940826521013086,1.3108063149621916,-23.27741703294074
2026-04-04,11.572444948891443,-37.91100327209914,1.4996790800148208,-22.297962839861583
2026-04-05,11.82748315765691,-38.38304957593833,0.19797227805580908,-23.090075011939163
2026-04-06,13.12433994328422,-37.25706046252252,0.9494110210567879,-24.013451564333987
2026-04-07,14.08522380141691,-36.81600747768913,-0.3142659877939751,-24.291356407318442
2026-04-08,14.264920005559308,-37.139893510594064,-0.6295842787173881,-24.643480441255008
2026-04-09,15.04650407784826,-35.79647943608126,0.9841395489194215,-24.051850005346846
2026-04-10,14.380627030896035,-34.18093969564935,0.9921199028148909,-22.34101016901392
2026-04-11,14.88645187346369,-35.36796924146941,0.10537191850525318,-21.229277326575186
2026-04-12,15.832024260365495,-36.18788795707476,-1.0247954057000972,-20.66453934765542
2026-04-13,16.0652011524069,-36.143468794070266,0.8407636019461744,-21.78766832852969
2026-04-14,17.70069529563096,-35.01575907902711,1.4770780960234973,-21.801910308664798
2026-04-15,20.149525178212052,-33.26541079486176,0.7621123133378989,-20.724862178045377
2026-04-16,20.393129561366965,-33.550732234714445,0.1921873881301691,-20.929522639960208
2026-04-17,21.242477291909182,-32.95884162010607,-0.9037112107605499,-20.720877081586195
2026-04-18,20.660083141838278,-34.827966210079595,-1.0381987289614005,-22.165440194999423
2026-04-19,20.331040548325856,-35.0667842516654,0.13382623400285132,-23.40730972111794
2026-04-20,20.86372280684003,-35.06883070898359,-0.25462349192114053,-23.25855958028106
2026-04-21,21.468502652008194,-35.08143362453781,-1.0727862910542307,-22.390617684143624
2026-04-22,21.176797226613854,-36.51314297376388,-1.880424358259527,-22.18436781689265
2026-04-23,20.614563740211256,-37.03055979089322,-1.7347459292241494,-22.192214880645462
2026-04-24,19.78950824476214,-37.18614478937227,-2.904835286234154,-22.87860741021728
2026-04-25,20.6643900723446,-36.240988583745256,-1.7249468870211675,-22.226428005881885
2026-04-26,19.644032973932244,-36.056576454047025,-0.9380718609751492,-23.588226182688626
2026-04-27,18.89726638678019,-35.53726218453878,-3.324707698972989,-22.621898727197614
2026-04-28,16.89696397939145,-36.37126646691657,-2.5943174440669416,-22.79215565022729
2026-04-29,17.570462543437387,-36.82233076606168,-3.1352722308341736,-23.52735844629892
2026-04-30,16.02223640246096,-36.12599792338164,-4.373054069710852,-23.296958335509373
2026-05-01,16.412490544396412,-36.77590015815823,-4.0932377826109745,-23.598922813237273
2026-05-02,15.139884742155632,-36.102758070135536,-4.752442495343325,-23.83261128280982
2026-05-03,15.437660358581624,-33.53768650530045,-4.300167932104167,-23.027395908366962
2026-05-04,16.208459020256374,-34.002064917554485,-5.0249902454808275,-24.536504216602086
2026-05-05,15.849277367091696,-34.417193517872946,-5.854633709329006,-24.6182224604788
2026-05-06,15.783493272315285,-35.42124055738873,-5.640511896055435,-23.758748509521716
2026-05-07,16.73398164646613,-35.389897207779924,-6.267411784378144,-22.528744967079902
2026-05-08,17.754558360152537,-34.74916368898381,-6.688148820106389,-23.006069689167376
2026-05-09,16.666794793117838,-34.79820194002951,-6.857043879316728,-23.687480964060068
2026-05-10,18.842657170657787,-33.86481511962045,-6.504972803278113,-23.7058544814618
2026-05-11,18.94225604226975,-36.06144998995336,-7.513572283546623,-24.592978874001904
2026-05-12,18.22346832216386,-38.07551308549756,-8.194742172312424,-24.824572432395275
2026-05-13,16.744761819598253,-36.28054621003616,-6.790699754113895,-24.756955784957857
2026-05-14,16.916647060154805,-37.459825815814746,-6.998067195129098,-26.60679452622878
2026-05-15,16.95962273085483,-37.56366608619592,-5.4876635905929625,-27.334081806651778
2026-05-16,16.66985299954533,-38.36665224754581,-5.225577652124552,-27.233613318783785
2026-05-17,16.62564755339735,-40.345867485573464,-5.685793429519695,-28.315017131960055
2026-05-18,18.4751005128491,-39.35135770207225,-6.4727760196214446,-29.93229204260473
2026-05-19,15.946463039817086,-38.752310967385945,-6.795579081055062,-29.729600555508032
2026-05-20,15.954530185891647,-38.124046260156135,-5.819659298389766,-29.46895967409991
2026-05-21,15.428519814528784,-38.01247613256354,-7.9912655767422205,-30.78007965786281
2026-05-22,15.984523186963996,-37.21098808693227,-8.023842057095157,-30.96996053847193
2026-05-23,14.394985257381238,-36.86357145994978,-6.397665213842236,-32.249081615995
2026-05-24,14.881201490077508,-37.49483520933745,-6.0565380734745125,-33.02765946539086
2026-05-25,15.008306870887585,-38.23078361733402,-4.124084991146843,-32.78294697276635
2026-05-26,14.830742060160317,-40.55590514655731,-2.4612535566643086,-34.241359779871
2026-05-27,14.484684610413655,-40.37367928248445,-3.3522876940745934,-34.84757451435212
2026-05-28,14.759755699286256,-40.52152772869815,-3.08283553586121,-34.07198309676341
2026-05-29,13.253789073039895,-40.22845737170311,-2.317820690262885,-33.49448527414655
2026-05-30,12.252050916697023,-39.00916025654403,-1.8694624467938628,-33.739803753946546
2026-05-31,13.529490966021005,-37.69713740463526,-2.120425031321927,-32.94110262886258
2026-06-01,12.575198921489067,-38.2586031120329,-0.9692781232691194,-30.976868249030932
2026-06-02,13.502000171880361,-39.44842247964931,-0.29005203209698494,-30.598184968277327
2026-06-03,12.96656300291723,-38.36561407550954,0.48045894664053046,-31.12137480506997
2026-06-04,11.102124865418626,-38.156224272666506,-0.714625899258428,-31.227413128921775
2026-06-05,9.908110876505857,-40.46387175098119,-1.8064666563896357,-31.09415515717853
2026-06-06,10.057432696749459,-40.94820968932978,-2.085730907896652,-31.59002735772076
2026-06-07,9.994750683578697,-40.21295121912481,-1.2051212352126002,-31.44083032282759
2026-06-08,9.625964710913243,-40.078212044145396,-2.24436574553616,-29.225936193485087
2026-06-09,9.2306222061905,-38.79788354047207,-1.4079200410333064,-28.439692261536223
2026-06-10,9.32868815148235,-37.69763489309924,-1.7970107106672206,-27.621902803724556
2026-06-11,9.233676506287793,-38.040768284735556,-2.826930496376759,-27.691679911290983
2026-06-12,8.603096015726983,-39.641029036107575,-3.067252930948837,-28.319867686666583
2026-06-13,8.998354146306475,-40.815247127001214,-3.2170071743465223,-29.58314351959542
2026-06-14,8.37803459556061,-40.476202764632326,-3.4186069715994516,-29.05982667723574
2026-06-15,9.222979229077595,-40.331215427693806,-3.2099310282677167,-28.801680794024122
2026-06-16,9.131919015155855,-38.871221115599695,-3.1327293212779517,-29.90141248724655
2026-06-17,9.118373097403282,-38.28313192876397,-3.1432921072342555,-31.616920264006247
2026-06-18,8.811198356279332,-37.58807034799465,-1.9695674221771564,-31.600956489780607
2026-06-19,9.095189204558249,-37.73910066884042,-2.587996451323583,-31.584216120998448
2026-06-20,8.68636267238165,-38.81766551796152,-1.708711771691887,-32.92297600729632
2026-06-21,9.364212767389812,-39.65680400959706,-0.7953996862977212,-32.39230437950351
2026-06-22,9.761067414675253,-39.21812631982277,-0.03232980918355888,-33.39301398598457
2026-06-23,9.667226862714053,-39.96064452630087,-0.19236313863669285,-34.50168200722759
2026-06-24,10.836108385813606,-38.66741316172444,0.7342194015264921,-35.19717699178949
2026-06-25,9.724615907186037,-38.37419058462805,0.41869151223554507,-35.279709708226186
2026-06-26,9.066038076775628,-39.56425993867295,-0.3788988279226026,-35.944492035338435
2026-06-27,9.341683706698365,-39.08073456857043,-0.17159150787480917,-35.876680856849326
2026-06-28,9.022493908691914,-40.43284909245011,-1.330927924530492,-35.41414752076751
2026-06-29,9.582917618306649,-39.908982716716025,-1.9861206756514163,-34.82042067844423
2026-06-30,10.816914802204188,-40.24311695949981,-2.11941961511641,-34.262636556913186
2026-07-01,11.546765890821225,-40.85659978963975,-1.046133992552964,-34.99763221076534
2026-07-02,11.9517214504756,-41.24736512494484,-1.6666509440802713,-33.27071104072762
2026-07-03,10.542770608765464,-41.18103120015707,-2.702950821791165,-34.22839460155538
2026-07-04,11.448577656856239,-39.463568271525716,-2.088201252545368,-35.652724298618395
2026-07-05,8.924476016597644,-38.05602675059499,-2.421930999837328,-35.47722921343886
2026-07-06,8.387633494575542,-38.38236610562714,-2.820122821491146,-33.27731250081185
2026-07-07,7.014458695579279,-38.931744570800376,-2.1270439622330906,-33.74643356136706
2026-07-08,8.021610375974868,-40.49516902783904,-1.4099828971632467,-32.794291632625985
2026-07-09,8.04478783256387,-42.993775381631835,-0.39474855973402656,-33.7264362736489
2026-07-10,5.514706521768424,-42.43403448490163,-0.13340261929698694,-33.95234076974753
2026-07-11,5.774459228559037,-43.00208546818692,-0.1960842362990669,-34.603235864199725
2026-07-12,4.539671693994636,-42.7623602366148,-0.1590257961241824,-35.44283675236752
2026-07-13,4.481095691567097,-43.38233976368287,-0.5476858156556024,-35.915025073361235
2026-07-14,3.4575535332042624,-43.193205846672065,-1.474169549951144,-35.9104959675916
2026-07-15,3.6020191882271058,-42.731829470998555,0.30878833966542274,-37.50915622340435
2026-07-16,1.7046878525960876,-42.22636094243158,0.8405380407736278,-36.35357631278949
2026-07-17,0.8600511929660783,-43.30493157063183,-1.1076849250050411,-35.64029047351168
2026-07-18,2.4479219815268687,-43.24200017698972,0.13292819359343055,-36.10222235692643
2026-07-19,1.8769181190849245,-42.60601670520556,2.0694166923092636,-34.619963946741386
2026-07-20,1.5401890415670951,-43.21096476873381,3.202652930766633,-34.63391361563961
2026-07-21,0.03418035637249517,-42.12065437211945,2.8914203848845275,-35.12860648986071
2026-07-22,0.8127287127800246,-42.95505980597427,2.3979331585418953,-35.21760036628328
2026-07-23,0.938306863635241,-44.13035413132449,3.3198666492107516,-36.30517965462124
2026-07-24,2.549451094299233,-42.789697629464655,2.7564325333359925,-35.991226199007826
2026-07-25,3.6455386404820826,-44.13782009015531,3.415149024722263,-35.42473489457628
2026-07-26,4.008108767762931,-44.91361199426724,3.7905201962163275,-35.03499298725892
2026-07-27,3.4418608063385654,-47.517285030984425,4.5396135574845475,-34.563838840913135
2026-07-28,3.958083700393223,-46.73638593465669,5.330599141512232,-34.07949487316131
2026-07-29,4.2607715901264696,-46.12485714649776,6.00814679788453,-34.09696762646124
2026-07-30,5.028438645679058,-45.8853213843731,7.93757365904089,-33.91959424013884
2026-07-31,5.067008028615315,-45.268393445602584,8.49414825655208,-33.44415547871904
2026-08-01,6.693978853304575,-42.25039838000449,9.010451282319684,-32.89685688720782
2026-08-02,5.361713411903642,-42.77189986300641,8.282240482150398,-32.640807777535215
2026-08-03,4.718122038723809,-41.49489318822245,8.04804512147362,-34.17299483822178
2026-08-04,5.9404265577703725,-41.78066174070215,7.417015388457405,-32.64129823044564
2026-08-05,5.630528304880091,-40.79008672090783,9.58440697940652,-32.23637029005333
2026-08-06,5.301583903385028,-39.96522870428902,9.553075609555888,-33.90530222656588
2026-08-07,4.4032292393705115,-40.215185885557915,8.905051797578647,-32.71081439573571
2026-08-08,3.3572974823607895,-39.463653559975626,7.907768210542912,-34.91426988504415
2026-08-09,2.49302888995938,-38.651254901195244,8.03243261852984,-33.56299393685561
2026-08-10,2.1125717907939854,-38.79732095000872,9.313958308636748,-32.966226057742304
2026-08-11,1.705981243478266,-37.003707742782126,10.558160103720674,-31.89978768446899
2026-08-12,1.6122200286029609,-36.22202730594569,10.308430536787299,-31.04711496195735
2026-08-13,1.1968505230458615,-38.27781658024078,10.41032843697191,-29.925134506841406
2026-08-14,0.7219910491916627,-38.329086481761564,9.892612110810294,-30.442229352752264
2026-08-15,-0.7309091576551302,-39.092280643548676,10.97984230609164,-30.83747378820753
2026-08-16,-1.2581537551777242,-37.54279605596925,8.062420969845117,-30.801984258582703
2026-08-17,-0.1367641697242159,-38.90502240666091,7.622143327599977,-31.227627893387993
2026-08-18,-0.1867802502462112,-37.608894211197146,7.5146036049216915,-31.47780627944328
2026-08-19,-0.06792755432776465,-37.158198125705304,7.125412589456387,-30.77064173868727
2026-08-20,-1.3677554632645,-38.19148030656428,7.506596896364087,-31.563761593366245
2026-08-21,-2.7098309106090186,-38.55223153488342,7.768465274189422,-32.253797896285974
2026-08-22,-3.426953838301286,-39.164970526121394,8.5681322159643,-31.547291133599668
2026-08-23,-2.1384276786898386,-38.302444959150556,9.472485456757658,-32.50553614302675
2026-08-24,-1.5768822132615254,-36.26035427540091,7.819676393211603,-32.792779464981365
2026-08-25,-0.7962294670947815,-35.90120606468188,8.554854649556642,-35.17356729834063
2026-08-26,-0.6009688817966102,-34.99710722845252,8.31254854954446,-35.30097037171273
2026-08-27,-0.1476764988155081,-34.53826407277966,8.072900127434995,-34.93678782285774
2026-08-28,0.4381315078675217,-36.36316660481124,7.8415584011023025,-33.195331546484084
2026-08-29,-1.4945680521627192,-35.68327649241104,7.018397386935305,-31.406627862803973
2026-08-30,-2.1025967114670516,-35.63783531958706,9.941215436957023,-31.350862034440752
2026-08-31,-1.872789482629075,-36.32635321445702,9.479247276260315,-31.43480912186227
2026-09-01,-0.2847840985758805,-36.38378990042498,8.928930914914808,-30.150319654520736
2026-09-02,1.7859721605373848,-38.95947379106434,10.0864310751778,-29.48588849672629
2026-09-03,2.5953846510563214,-38.41371454955872,11.20123364818125,-28.50584169859005
2026-09-04,3.124599278413321,-38.04299403783069,8.70480827387186,-30.09621119313707
2026-09-05,3.315157501288293,-37.50842654213306,8.172996964696189,-29.96808254566058
2026-09-06,3.138375232553959,-39.08937420251867,7.19957890885139,-29.128239136914175
2026-09-07,3.6793910531266327,-37.755846279693,6.903589739199581,-29.967498656757236
2026-09-08,3.3989141970950816,-36.994085886978155,6.478189480209452,-31.926794142113295
2026-09-09,2.0676724274130653,-37.2377476835375,5.194181849588693,-30.163556816016587
2026-09-10,2.9385602600060867,-38.2943421701848,5.362405129984496,-31.55813150627281
2026-09-11,3.0117618137220132,-39.25734445373883,4.92293179680607,-31.27893585216587
2026-09-12,1.01881011364285,-39.582365940566824,4.295024291556305,-31.592097537686218
2026-09-13,1.3486950865969427,-39.39000573780451,4.449204093114099,-31.008180260454566
2026-09-14,1.3558758071923955,-38.55097088126391,4.715336818808482,-31.943613905338495
2026-09-15,1.4259692809476983,-35.767453037341326,4.64916666382177,-31.89238989111371
2026-09-16,0.10749043868163599,-37.226715075005686,5.091149160314947,-30.601846949887587
2026-09-17,0.8629820617061867,-37.558013067432235,4.3950359066708335,-30.55993027235669
2026-09-18,0.7215362044175903,-37.08288774662444,6.071037695869599,-30.51271678879918
2026-09-19,1.9571996641390714,-37.85918230988138,5.045394850556101,-31.17192617913378
2026-09-20,2.296309542947163,-35.806989692237636,4.766778650975421,-32.5114577638201
2026-09-21,2.588241736344071,-35.88626068019998,3.2430470447652966,-32.717600169840296
2026-09-22,3.299405739064908,-35.02146135213695,2.2102238594371135,-33.15528815790069
2026-09-23,1.9366553188949192,-34.354484731078514,3.0245412548403996,-33.23682502465423
2026-09-24,2.8156514848691323,-35.46225020670595,1.814938597559315,-32.735657987749725
2026-09-25,2.5904588044090224,-34.969642916628445,2.2511812873769395,-30.900220856425044
2026-09-26,2.20774763440688,-34.725815726052865,2.9202987485721765,-30.220282178166247
